orf_id,Essential,paralog_count,phyletic_retention,Ser,Trp
b0002,N,1,3,51,4
b0004,N,0,2,19,3
b0005,N,0,0,3,6
b0006,N,0,1,15,2
b0007,N,0,1,31,14
b0008,N,1,1,16,4
b0009,Y,0,1,12,1
b0010,N,0,0,5,3
b0011,N,0,0,15,2
b0013,N,0,0,16,1
b0014,Y,2,5,25,1
b0015,N,0,5,12,0
b0016,N,2,0,21,8
b0019,N,0,2,24,8
b0020,N,0,0,19,3
b0021,N,5,1,15,5
b0022,Y,5,1,10,1
b0023,Y,0,5,4,0
b0025,Y,0,5,9,0
b0026,Y,1,5,47,23
b0027,Y,0,4,10,6
b0028,N,0,0,12,0
b0029,Y,0,4,18,2
b0030,N,2,0,13,3
b0031,Y,0,4,13,1
b0032,N,0,4,18,2
b0033,N,0,4,46,4
b0034,N,0,0,9,4
b0035,N,1,0,8,1
b0036,N,2,0,15,4
b0037,N,5,0,23,7
b0038,N,0,0,14,7
b0039,N,1,0,18,6
b0040,N,1,0,29,23
b0041,N,1,0,18,2
b0042,N,1,0,17,4
b0043,N,2,0,23,1
b0044,N,1,0,3,1
b0045,N,3,0,28,12
b0046,N,1,0,7,7
b0047,N,2,1,32,7
b0048,Y,0,5,9,5
b0049,N,0,4,14,8
b0050,N,0,0,6,1
b0051,N,0,5,13,0
b0052,N,0,2,5,1
b0053,N,0,4,27,5
b0054,Y,0,3,56,18
b0055,N,0,1,9,4
b0056,N,0,0,8,5
b0058,Y,1,1,9,3
b0059,N,0,1,50,12
b0060,N,0,0,30,16
b0061,N,2,1,10,4
b0062,N,0,0,17,11
b0063,N,0,0,33,16
b0064,N,0,0,19,6
b0065,N,0,1,13,13
b0066,N,16,1,18,2
b0067,N,0,1,27,17
b0068,N,0,1,17,9
b0069,N,1,0,32,20
b0070,N,2,0,24,10
b0071,N,0,1,7,2
b0072,N,0,2,17,3
b0073,N,1,2,19,2
b0074,N,0,2,30,2
b0076,N,0,0,35,4
b0077,N,4,2,33,9
b0078,N,0,1,13,0
b0080,N,1,0,17,3
b0081,N,0,0,8,3
b0082,Y,0,5,17,3
b0083,Y,0,4,6,1
b0084,Y,1,4,41,6
b0085,Y,0,4,21,7
b0086,N,0,4,27,5
b0087,N,0,4,15,10
b0088,Y,0,4,21,3
b0089,Y,1,4,26,10
b0090,Y,0,4,15,9
b0091,Y,1,4,17,1
b0092,Y,1,1,25,5
b0093,Y,0,3,15,7
b0094,Y,0,4,24,2
b0095,Y,0,5,12,0
b0097,Y,0,0,12,5
b0098,Y,0,5,44,7
b0099,N,0,2,2,5
b0102,N,0,0,14,4
b0103,Y,0,4,8,2
b0104,N,0,1,25,3
b0106,N,1,1,21,11
b0107,N,1,1,17,4
b0108,N,0,1,10,2
b0109,N,0,1,14,3
b0110,N,0,1,6,4
b0111,N,0,0,9,9
b0112,N,8,0,24,12
b0113,N,2,0,20,1
b0114,N,0,4,43,11
b0115,Y,0,5,29,3
b0116,Y,3,5,14,4
b0117,N,0,0,40,8
b0118,N,0,0,36,8
b0119,N,0,1,5,3
b0120,N,0,1,14,1
b0121,N,0,2,14,2
b0122,Y,0,0,13,1
b0123,N,1,0,21,9
b0124,N,0,0,38,24
b0125,N,0,3,14,0
b0126,Y,0,1,10,6
b0127,N,8,2,15,2
b0128,N,0,2,15,6
b0129,Y,0,0,12,3
b0130,N,0,0,25,6
b0131,N,0,0,6,2
b0132,N,3,0,17,2
b0133,N,0,2,12,1
b0134,N,0,2,8,1
b0135,N,0,0,36,3
b0136,N,0,0,24,1
b0137,N,0,0,19,1
b0138,N,0,0,19,2
b0139,N,8,0,98,13
b0140,N,7,0,24,4
b0141,N,0,0,14,0
b0142,Y,0,3,6,3
b0143,N,0,1,17,6
b0144,N,0,0,15,7
b0145,N,0,3,5,1
b0146,N,0,0,20,3
b0147,N,0,0,11,5
b0148,N,0,0,44,14
b0149,N,2,3,50,13
b0150,N,1,0,54,9
b0151,N,8,0,17,3
b0152,N,0,0,17,8
b0153,N,0,0,35,21
b0154,Y,5,1,16,1
b0155,N,0,0,15,6
b0156,N,0,4,10,0
b0158,N,0,0,19,8
b0159,Y,0,4,12,0
b0160,N,0,0,32,10
b0161,N,1,2,41,0
b0162,N,0,0,15,5
b0163,N,0,0,7,0
b0164,N,0,0,11,3
b0166,Y,0,4,14,3
b0167,Y,0,0,42,16
b0168,Y,0,5,12,1
b0169,Y,0,5,11,3
b0170,Y,0,5,10,0
b0171,Y,0,5,9,1
b0172,Y,0,5,13,0
b0173,Y,0,5,26,3
b0174,Y,0,5,13,6
b0175,Y,1,4,15,14
b0176,N,0,4,22,8
b0177,Y,0,4,58,13
b0178,N,0,2,11,1
b0180,Y,0,2,3,0
b0181,Y,0,3,11,0
b0182,Y,0,3,10,4
b0183,Y,0,3,9,1
b0184,Y,0,5,46,8
b0185,Y,0,3,16,2
b0186,N,4,0,36,12
b0187,N,0,0,7,1
b0188,Y,0,4,22,15
b0189,N,0,0,7,0
b0190,N,0,0,8,8
b0191,N,0,0,13,0
b0192,N,0,0,17,3
b0193,N,0,0,28,3
b0194,Y,0,4,30,5
b0196,N,0,0,14,0
b0197,N,1,1,10,1
b0198,N,0,1,7,3
b0199,N,19,2,23,1
b0200,N,0,1,7,3
b0207,N,2,0,16,5
b0208,N,7,0,30,1
b0209,N,0,0,16,3
b0210,Y,0,0,14,4
b0211,N,0,0,43,8
b0212,N,0,4,11,3
b0213,N,0,0,11,7
b0214,Y,0,3,4,6
b0215,Y,0,5,8,1
b0217,N,0,0,18,4
b0218,N,0,0,7,1
b0219,N,0,0,11,9
b0220,N,0,0,13,3
b0221,N,0,0,43,12
b0222,N,1,3,10,0
b0223,N,0,0,13,7
b0224,N,0,0,20,1
b0226,N,0,0,3,0
b0227,N,1,0,19,4
b0228,N,0,0,8,9
b0229,N,1,0,37,3
b0230,N,1,0,20,1
b0231,N,0,1,16,4
b0232,N,0,0,5,0
b0233,N,0,0,3,2
b0234,N,0,0,10,4
b0235,N,0,0,4,2
b0236,N,0,0,16,5
b0237,N,0,1,22,6
b0239,N,0,0,23,11
b0240,N,0,0,5,4
b0241,N,4,1,21,3
b0242,N,0,0,22,2
b0243,N,0,0,22,1
b0245,Y,2,0,4,2
b0246,N,3,0,6,0
b0247,N,2,1,5,1
b0248,N,1,0,6,5
b0250,N,1,0,15,3
b0251,N,2,0,21,2
b0252,N,1,0,19,3
b0253,N,2,0,22,4
b0254,N,2,0,18,4
b0255,N,0,0,10,2
b0256,N,2,1,27,6
b0257,N,0,0,8,3
b0258,N,0,0,22,10
b0259,N,10,0,17,7
b0260,N,8,0,26,13
b0261,N,0,0,16,4
b0262,N,16,0,18,1
b0263,N,0,0,12,1
b0264,N,5,0,12,5
b0265,Y,5,0,10,1
b0266,N,3,0,5,1
b0267,N,0,0,27,13
b0268,N,2,0,16,2
b0269,N,3,0,32,9
b0270,Y,5,0,30,7
b0271,Y,0,0,37,19
b0272,N,4,0,16,3
b0273,N,1,2,13,4
b0274,N,5,0,12,5
b0276,N,0,0,10,4
b0277,N,1,0,9,2
b0278,N,0,0,20,2
b0279,N,0,0,27,3
b0280,N,0,0,20,1
b0281,N,0,0,38,13
b0282,N,0,0,4,3
b0283,N,0,0,19,4
b0284,N,2,0,36,8
b0285,Y,0,0,14,1
b0286,N,0,0,13,0
b0287,N,0,0,9,7
b0289,Y,0,0,20,3
b0290,N,0,0,57,15
b0291,N,0,0,85,15
b0292,N,0,0,20,2
b0293,N,0,0,16,3
b0294,N,0,0,16,4
b0297,N,0,0,20,8
b0298,Y,4,0,10,1
b0299,N,5,0,22,9
b0304,N,3,0,22,2
b0305,N,0,0,23,5
b0306,N,0,1,16,1
b0307,N,0,1,21,7
b0308,N,0,1,19,2
b0310,N,0,0,16,3
b0311,N,0,0,25,9
b0312,N,8,0,30,6
b0313,N,0,0,15,3
b0314,N,0,0,49,17
b0315,N,0,0,23,4
b0316,N,4,0,14,4
b0317,N,0,0,16,8
b0318,N,0,0,5,1
b0319,N,0,0,12,4
b0320,Y,1,0,30,0
b0321,N,0,0,25,6
b0323,N,2,0,11,1
b0324,N,0,0,25,4
b0325,N,2,1,12,2
b0326,N,0,0,12,5
b0327,N,0,0,10,2
b0328,N,0,0,15,6
b0329,N,0,0,6,0
b0330,N,11,0,29,3
b0331,N,0,0,15,0
b0333,N,1,0,27,5
b0334,N,0,0,19,7
b0335,N,2,0,42,16
b0336,N,0,0,26,9
b0337,N,0,1,18,7
b0338,N,7,0,23,2
b0339,N,0,0,17,2
b0340,Y,0,0,5,0
b0341,N,0,0,25,16
b0342,N,1,0,12,2
b0343,N,0,0,29,6
b0344,N,1,0,60,39
b0345,N,7,0,32,2
b0346,N,0,0,20,4
b0347,N,0,0,18,12
b0348,N,0,0,20,4
b0349,N,0,0,19,7
b0350,N,0,0,13,3
b0351,N,0,0,16,1
b0352,N,0,0,16,3
b0353,N,0,1,29,7
b0354,N,0,0,10,1
b0355,N,1,0,21,5
b0356,N,0,0,16,3
b0357,Y,0,0,6,0
b0358,N,0,0,15,8
b0364,Y,0,0,9,1
b0365,N,0,0,22,7
b0366,N,20,0,13,3
b0367,N,1,0,14,9
b0368,N,0,0,13,6
b0369,Y,0,1,21,1
b0370,N,0,0,6,1
b0371,N,0,0,49,11
b0374,N,0,1,39,7
b0375,N,0,0,12,4
b0376,N,0,0,27,4
b0377,N,0,0,21,13
b0378,N,0,0,32,6
b0379,Y,0,0,5,3
b0380,N,0,0,3,4
b0381,N,1,2,21,2
b0383,N,0,0,23,3
b0384,N,0,0,7,0
b0385,N,1,0,19,13
b0386,Y,0,1,17,1
b0387,N,0,0,7,4
b0388,N,0,0,8,2
b0390,N,0,0,16,1
b0391,N,0,0,13,1
b0392,N,0,0,5,1
b0393,N,0,1,20,5
b0394,N,1,0,17,5
b0396,N,3,0,28,4
b0397,N,0,0,51,15
b0398,N,0,0,24,4
b0399,N,12,1,9,3
b0400,N,3,0,21,11
b0401,N,0,2,32,8
b0402,N,8,0,29,14
b0403,N,0,0,26,22
b0404,N,0,0,13,7
b0405,N,0,3,18,0
b0406,N,0,3,13,4
b0408,Y,0,2,33,2
b0409,Y,0,2,21,4
b0410,N,0,0,5,2
b0411,N,0,0,21,14
b0412,N,0,0,18,0
b0414,Y,0,4,16,5
b0415,Y,0,4,4,1
b0416,Y,0,5,7,1
b0417,Y,0,3,19,5
b0418,Y,0,3,9,11
b0419,N,3,1,25,6
b0420,Y,0,5,35,4
b0421,Y,0,3,16,0
b0423,N,0,3,25,4
b0424,N,0,0,10,2
b0425,N,0,1,12,7
b0426,N,0,1,14,1
b0427,N,0,3,27,9
b0428,N,0,3,21,7
b0429,Y,0,3,9,4
b0430,N,0,3,11,6
b0431,N,0,3,27,26
b0432,N,0,3,27,8
b0433,N,0,1,27,15
b0434,N,0,1,14,1
b0435,N,0,2,9,1
b0436,N,0,4,14,1
b0437,N,0,4,13,0
b0438,N,0,4,23,0
b0439,N,0,5,38,3
b0440,N,0,0,5,0
b0441,N,0,3,32,2
b0442,Y,0,1,10,0
b0443,N,0,0,6,2
b0444,N,0,1,7,2
b0445,N,1,0,27,17
b0446,N,1,0,12,3
b0447,N,0,0,8,3
b0448,N,4,2,34,11
b0449,N,4,2,41,6
b0450,N,1,0,4,0
b0451,N,0,0,16,9
b0452,N,0,0,20,3
b0453,N,0,0,17,1
b0454,N,0,0,8,3
b0456,Y,0,0,6,2
b0457,N,6,0,39,13
b0458,N,0,0,10,2
b0459,N,1,1,6,1
b0461,N,0,0,8,2
b0462,N,6,1,62,9
b0463,N,3,0,22,1
b0464,N,1,0,13,3
b0465,N,1,0,64,25
b0467,Y,0,0,5,4
b0468,Y,0,1,5,8
b0469,Y,0,3,7,0
b0470,Y,0,5,30,6
b0471,N,0,3,5,0
b0472,N,0,2,11,0
b0473,N,0,2,44,10
b0474,Y,0,5,5,0
b0475,Y,0,1,19,5
b0476,N,0,0,13,5
b0477,N,0,0,30,6
b0478,N,2,0,22,4
b0479,N,0,0,35,6
b0480,N,0,0,21,7
b0481,N,0,1,4,0
b0482,Y,0,0,12,7
b0483,Y,0,0,3,2
b0484,N,2,1,53,10
b0485,N,1,0,17,3
b0486,N,0,0,34,7
b0488,N,0,0,12,10
b0489,N,0,0,23,2
b0490,N,1,0,14,2
b0491,N,0,0,22,2
b0492,N,0,1,14,2
b0493,N,0,1,19,2
b0494,N,0,0,11,6
b0495,N,12,0,14,0
b0496,N,0,0,39,28
b0497,N,3,0,96,25
b0498,Y,1,0,8,1
b0499,N,1,0,13,4
b0502,N,0,0,9,1
b0503,N,0,0,11,7
b0504,N,3,0,22,7
b0505,Y,0,0,6,2
b0506,N,4,0,22,2
b0507,N,4,0,20,4
b0508,N,1,0,6,4
b0509,N,3,0,16,0
b0510,N,0,0,5,2
b0511,N,0,0,23,9
b0512,N,1,1,19,4
b0513,N,0,0,32,8
b0514,N,1,0,14,0
b0515,N,0,0,14,2
b0516,N,0,0,17,7
b0517,N,1,0,20,2
b0518,N,1,0,38,5
b0519,N,0,0,13,3
b0520,Y,0,0,17,8
b0521,Y,2,0,15,4
b0522,N,0,2,16,9
b0523,N,0,2,11,2
b0524,Y,0,3,9,4
b0525,Y,1,1,6,1
b0526,Y,0,5,19,7
b0529,N,0,5,10,1
b0530,N,1,0,16,0
b0531,N,3,0,19,3
b0532,N,8,0,76,17
b0534,N,0,0,12,3
b0535,N,1,0,21,0
b0537,N,0,0,25,15
b0540,Y,4,0,10,1
b0541,N,5,0,22,9
b0543,N,0,3,8,4
b0544,N,0,0,42,4
b0545,N,1,0,13,5
b0546,N,0,0,20,3
b0547,Y,0,0,10,4
b0549,Y,0,0,2,1
b0550,Y,0,0,3,2
b0551,N,0,0,8,3
b0552,N,10,0,17,7
b0553,N,4,0,22,5
b0555,N,0,0,6,4
b0556,N,0,0,7,1
b0557,N,0,0,2,0
b0558,Y,2,0,7,2
b0560,N,1,0,9,2
b0561,N,2,0,17,8
b0562,N,0,0,19,1
b0564,Y,2,0,24,2
b0565,N,0,0,27,8
b0566,N,2,0,25,3
b0567,N,0,0,23,8
b0568,N,0,0,53,24
b0569,N,0,0,40,20
b0570,N,6,0,32,2
b0571,N,12,0,8,2
b0572,N,1,1,41,3
b0573,N,0,0,7,1
b0574,N,0,0,23,7
b0575,N,6,0,59,21
b0576,N,8,0,28,13
b0577,N,0,0,26,10
b0578,N,0,1,13,3
b0579,N,0,0,9,3
b0580,N,0,0,3,3
b0581,N,0,0,23,6
b0582,N,2,0,21,8
b0583,N,0,0,10,4
b0584,N,1,1,49,20
b0585,N,0,0,22,20
b0586,N,0,0,62,24
b0587,N,1,0,30,4
b0588,N,2,0,11,4
b0590,N,1,0,24,3
b0592,Y,0,0,20,4
b0593,N,1,0,32,5
b0594,N,3,0,34,5
b0595,N,0,0,14,7
b0596,N,1,1,14,3
b0597,N,1,0,5,2
b0598,N,1,1,30,16
b0599,N,1,0,15,4
b0600,N,1,0,21,5
b0601,N,0,0,11,3
b0602,N,0,0,20,19
b0603,N,1,0,31,0
b0604,N,0,0,11,5
b0605,N,0,4,9,3
b0606,N,0,0,27,3
b0607,N,1,0,13,0
b0608,N,3,1,15,2
b0610,N,0,0,7,1
b0611,N,0,0,18,5
b0612,N,2,0,30,17
b0613,N,0,1,14,4
b0614,N,0,0,12,3
b0615,N,0,1,35,3
b0616,N,0,1,18,1
b0617,N,0,1,4,1
b0618,N,0,1,19,2
b0619,N,1,0,37,4
b0620,N,1,0,9,0
b0621,N,1,0,37,2
b0622,N,0,0,7,12
b0624,Y,0,1,8,5
b0626,N,0,0,5,3
b0628,N,0,3,12,2
b0629,N,1,0,18,1
b0630,N,0,3,6,2
b0631,N,0,2,4,0
b0632,N,2,2,25,5
b0633,N,0,1,33,2
b0634,Y,1,3,20,8
b0635,Y,1,3,28,10
b0636,Y,0,2,7,5
b0638,N,0,0,11,6
b0639,N,0,3,6,4
b0640,Y,0,4,14,7
b0641,Y,0,2,13,1
b0642,Y,1,5,24,21
b0644,N,0,0,16,11
b0645,N,1,0,21,9
b0646,N,1,0,23,12
b0647,N,0,0,12,4
b0648,N,1,0,22,9
b0649,N,1,0,29,14
b0650,N,2,0,40,5
b0651,N,2,0,11,4
b0652,Y,13,1,12,1
b0653,Y,3,1,22,5
b0654,N,2,1,13,8
b0655,N,0,0,18,3
b0656,N,10,0,17,7
b0658,N,0,3,22,1
b0659,Y,0,5,9,2
b0660,N,1,1,11,1
b0661,N,1,3,26,4
b0662,N,2,3,17,9
b0674,N,0,1,37,9
b0675,N,0,0,13,3
b0676,N,1,1,21,1
b0677,N,0,3,12,1
b0678,N,0,3,11,2
b0679,N,2,1,29,6
b0680,Y,0,4,28,8
b0681,N,0,0,31,15
b0682,Y,0,0,8,1
b0683,N,0,1,5,0
b0684,N,1,5,5,4
b0685,N,0,1,7,1
b0686,N,0,1,10,5
b0687,Y,0,1,13,1
b0688,N,0,3,29,5
b0689,N,0,0,12,3
b0691,N,0,0,5,2
b0692,N,3,0,40,10
b0693,N,4,0,31,6
b0694,N,3,0,8,2
b0695,N,0,0,34,14
b0697,N,2,0,37,8
b0698,N,0,0,37,9
b0700,N,3,0,86,30
b0702,Y,0,0,11,3
b0703,N,0,0,23,11
b0704,Y,0,0,10,3
b0705,N,4,0,19,3
b0706,N,2,0,16,3
b0708,Y,0,2,23,15
b0709,N,3,0,31,12
b0710,N,0,3,10,7
b0711,N,0,0,12,5
b0712,N,0,0,14,7
b0715,N,0,0,20,8
b0716,N,1,0,29,3
b0717,Y,4,0,16,2
b0718,N,8,1,92,20
b0720,N,1,0,25,3
b0721,N,0,2,10,3
b0722,N,0,2,5,4
b0723,N,2,2,29,7
b0724,N,1,2,16,2
b0725,N,0,0,11,0
b0726,Y,0,4,57,14
b0727,Y,0,4,24,1
b0728,N,0,2,8,3
b0729,N,0,2,11,0
b0730,N,1,0,15,3
b0731,N,1,0,37,10
b0732,N,0,0,51,16
b0733,Y,1,1,31,13
b0734,Y,1,1,16,16
b0735,N,0,1,4,4
b0736,Y,0,1,5,1
b0737,N,1,3,15,3
b0738,N,0,3,10,0
b0739,N,0,2,22,1
b0740,N,0,3,39,8
b0741,N,0,3,14,0
b0742,N,0,2,26,2
b0750,N,0,1,16,4
b0751,N,0,1,17,9
b0752,N,0,0,17,7
b0753,N,0,0,7,0
b0754,N,2,1,18,4
b0755,N,0,4,11,7
b0756,N,0,0,23,5
b0757,N,0,0,19,1
b0758,N,0,0,19,10
b0759,N,0,1,19,5
b0760,N,0,0,35,7
b0761,N,0,0,16,3
b0763,N,0,1,16,4
b0764,N,0,1,16,6
b0765,N,1,1,22,6
b0766,Y,0,2,10,6
b0767,N,0,2,22,5
b0768,N,4,0,22,5
b0769,N,0,0,21,0
b0770,N,2,1,29,16
b0771,N,0,0,49,7
b0772,N,0,0,30,6
b0773,N,1,0,10,4
b0774,N,5,3,18,9
b0775,N,0,3,15,2
b0776,N,1,2,29,7
b0777,N,0,2,11,7
b0778,N,1,2,12,5
b0779,N,0,2,30,0
b0780,N,0,0,18,1
b0781,N,0,1,14,3
b0782,N,0,0,11,2
b0783,N,0,1,7,1
b0784,N,0,1,2,1
b0785,N,0,1,6,6
b0786,N,0,1,16,4
b0787,N,0,0,16,6
b0788,Y,0,0,18,11
b0789,N,0,0,12,9
b0790,N,0,0,10,5
b0791,Y,0,0,5,6
b0792,N,2,0,22,9
b0793,N,1,0,25,7
b0794,N,1,1,30,4
b0795,N,0,0,15,4
b0796,N,0,0,8,3
b0797,N,3,0,19,1
b0798,Y,0,0,8,4
b0799,N,1,0,36,10
b0800,N,0,0,11,2
b0801,N,2,0,19,6
b0803,N,0,0,5,1
b0804,N,0,0,17,6
b0805,N,1,0,56,9
b0806,N,0,0,12,0
b0807,N,0,0,21,5
b0808,N,0,0,49,17
b0809,N,16,0,11,0
b0810,Y,1,0,9,7
b0811,N,5,0,12,2
b0812,N,0,1,9,2
b0813,N,0,0,19,7
b0814,N,0,0,15,2
b0815,N,1,1,35,10
b0817,Y,0,0,6,1
b0818,N,0,0,19,13
b0819,N,3,1,10,2
b0820,N,5,1,34,6
b0821,N,0,0,21,13
b0822,N,1,0,15,1
b0823,N,3,0,40,10
b0824,N,1,0,9,3
b0825,N,1,0,13,1
b0826,N,1,1,12,0
b0827,N,0,1,25,4
b0828,N,0,0,16,1
b0829,N,5,0,35,3
b0830,N,6,0,30,11
b0831,N,5,0,18,9
b0832,N,5,0,15,8
b0833,N,4,0,49,8
b0834,N,0,0,33,1
b0835,Y,1,1,24,4
b0836,N,0,0,9,1
b0837,N,0,0,22,12
b0838,N,0,0,9,8
b0839,N,2,0,25,8
b0840,N,0,0,14,2
b0841,N,0,0,13,11
b0842,N,1,0,23,10
b0843,N,0,0,6,0
b0844,N,1,0,13,2
b0845,N,0,0,29,8
b0846,Y,0,0,12,2
b0847,N,1,0,27,3
b0848,N,0,0,8,4
b0850,Y,0,0,7,0
b0851,N,0,1,15,4
b0852,N,0,1,15,1
b0854,N,1,0,20,8
b0855,N,13,0,19,2
b0856,N,2,0,16,10
b0857,N,1,0,18,8
b0858,N,0,0,15,5
b0859,N,0,1,17,6
b0860,N,4,0,13,2
b0861,N,2,1,15,4
b0862,N,2,1,17,7
b0863,N,5,1,10,2
b0864,N,12,1,13,1
b0865,Y,0,0,14,2
b0866,Y,0,1,6,0
b0867,Y,0,0,8,7
b0868,Y,0,0,24,7
b0869,N,0,0,24,13
b0870,N,0,0,12,4
b0871,N,4,0,33,5
b0872,N,0,0,16,7
b0873,N,0,0,23,7
b0874,N,0,0,22,5
b0875,N,0,0,12,5
b0876,N,0,0,36,10
b0877,N,0,1,22,5
b0878,N,0,1,9,2
b0879,N,0,2,37,8
b0881,Y,0,0,2,1
b0882,N,2,0,42,3
b0885,N,0,0,17,7
b0886,Y,4,1,34,7
b0887,Y,4,1,38,13
b0888,N,0,5,13,1
b0889,N,0,1,8,0
b0891,N,0,3,19,6
b0892,N,0,2,20,4
b0893,Y,0,5,18,3
b0894,N,6,0,43,13
b0895,N,3,0,8,2
b0896,N,1,0,21,11
b0897,Y,0,0,8,4
b0898,N,0,0,31,10
b0899,N,2,0,22,13
b0900,N,6,0,18,2
b0901,N,0,0,11,7
b0902,N,0,1,8,5
b0903,N,3,1,36,7
b0904,N,1,1,13,7
b0905,N,0,0,33,12
b0906,N,0,0,11,3
b0907,N,0,4,20,5
b0908,N,0,3,22,2
b0909,N,1,0,27,1
b0910,Y,0,4,12,1
b0912,N,0,2,5,0
b0913,N,0,1,46,41
b0914,Y,4,4,50,5
b0915,Y,0,3,16,9
b0916,N,0,0,18,15
b0918,Y,0,3,7,3
b0919,N,0,0,18,13
b0920,N,0,0,18,10
b0921,N,0,0,9,5
b0922,Y,0,1,23,7
b0923,Y,0,1,14,1
b0924,Y,0,1,98,8
b0925,N,0,0,36,13
b0926,Y,0,0,10,1
b0927,N,0,3,10,4
b0928,N,1,3,21,5
b0929,N,4,0,16,2
b0930,Y,0,5,24,7
b0931,N,0,1,26,8
b0932,N,0,1,41,13
b0933,N,8,0,9,4
b0934,N,1,0,22,13
b0935,N,0,0,18,6
b0936,N,0,0,20,4
b0937,N,0,0,10,2
b0938,N,0,0,10,0
b0939,N,6,0,20,3
b0940,N,8,0,84,14
b0941,N,0,0,26,5
b0942,N,0,0,9,0
b0943,N,0,0,20,3
b0944,N,0,0,19,7
b0945,N,0,3,12,0
b0946,N,0,0,10,5
b0947,N,0,0,20,6
b0948,N,0,2,36,14
b0949,N,4,2,28,7
b0950,N,1,0,27,11
b0951,N,0,0,37,5
b0952,N,0,0,13,6
b0954,Y,0,3,4,3
b0955,N,0,1,37,14
b0956,N,0,1,7,4
b0957,N,0,2,16,5
b0958,N,0,0,21,4
b0959,N,0,1,16,4
b0960,N,0,1,34,14
b0961,N,0,0,5,6
b0962,N,0,0,36,19
b0963,Y,0,0,5,3
b0964,N,0,0,19,2
b0965,Y,0,0,10,2
b0966,N,0,2,10,2
b0967,N,0,0,23,4
b0968,N,0,0,6,2
b0970,N,0,2,22,0
b0972,Y,1,0,21,7
b0973,N,1,0,27,16
b0974,Y,0,0,18,11
b0975,Y,0,0,11,3
b0976,N,0,0,8,5
b0977,N,0,0,17,4
b0978,N,1,0,25,18
b0979,N,1,0,21,17
b0980,N,1,0,28,8
b0981,N,1,0,51,5
b0982,N,1,1,9,2
b0983,N,1,0,19,6
b0984,N,1,0,49,13
b0985,N,1,0,12,6
b0986,N,1,0,17,6
b0987,Y,0,0,5,0
b0988,Y,5,0,13,5
b0992,N,0,0,21,12
b0993,N,4,0,61,7
b0994,N,0,0,23,7
b0995,Y,8,0,10,1
b0996,N,1,0,26,9
b0997,N,5,1,44,20
b0998,Y,0,0,11,4
b0999,Y,0,0,2,2
b1000,N,1,0,13,6
b1001,N,0,0,33,4
b1002,N,1,0,27,6
b1004,N,0,0,12,2
b1006,N,3,0,26,5
b1007,N,0,1,10,3
b1008,N,0,0,19,4
b1009,N,0,0,15,4
b1010,Y,0,0,5,1
b1011,Y,0,0,14,4
b1012,N,0,0,21,7
b1013,N,0,0,11,3
b1014,N,0,1,70,12
b1015,N,2,1,38,15
b1018,N,0,0,15,2
b1019,N,0,0,23,4
b1020,N,1,0,23,1
b1021,N,0,0,8,3
b1022,N,0,2,20,18
b1023,N,0,0,40,20
b1024,N,0,0,50,27
b1025,N,1,0,31,6
b1026,N,5,0,22,9
b1027,Y,4,0,10,1
b1028,N,0,0,7,1
b1029,N,0,0,22,11
b1033,Y,0,0,20,10
b1034,Y,0,0,15,3
b1035,N,0,1,12,6
b1036,Y,0,0,14,6
b1037,N,0,0,20,2
b1038,N,0,0,11,1
b1039,Y,0,0,7,4
b1040,N,0,0,18,3
b1041,N,0,0,13,0
b1042,N,0,0,14,1
b1043,N,0,0,16,1
b1045,N,0,0,6,1
b1046,N,0,0,35,10
b1047,N,0,0,25,12
b1048,N,1,0,33,12
b1049,N,0,1,54,32
b1051,Y,0,0,2,4
b1053,N,0,0,31,7
b1054,N,2,2,10,12
b1055,N,0,2,13,3
b1056,N,0,0,11,2
b1057,N,0,0,16,7
b1059,N,0,0,18,6
b1060,N,0,0,5,2
b1061,N,0,0,7,2
b1062,N,0,2,15,2
b1063,N,0,1,7,0
b1064,N,0,0,12,2
b1065,N,0,1,23,11
b1066,N,0,0,8,6
b1067,N,0,0,12,0
b1068,N,0,0,20,8
b1069,Y,0,4,35,9
b1070,N,0,0,9,3
b1071,N,0,0,11,0
b1072,N,0,2,17,2
b1073,N,0,2,9,0
b1074,N,0,2,9,0
b1075,N,0,2,24,1
b1076,N,0,2,35,2
b1077,N,0,2,19,1
b1078,N,0,2,21,1
b1079,N,0,2,21,2
b1080,N,0,2,32,0
b1081,N,0,2,26,3
b1082,N,0,2,48,2
b1084,Y,0,4,53,4
b1085,Y,0,0,15,1
b1086,N,2,3,15,1
b1087,N,1,0,13,1
b1088,N,0,1,10,0
b1090,N,0,3,25,3
b1091,Y,0,2,19,3
b1092,Y,0,3,14,4
b1093,Y,10,4,14,1
b1095,N,1,0,32,2
b1096,N,0,1,20,3
b1097,N,0,2,13,7
b1098,Y,0,5,6,2
b1099,Y,0,4,14,8
b1100,N,1,5,9,0
b1101,N,2,1,28,6
b1102,N,2,0,58,15
b1103,N,0,5,4,0
b1104,N,0,0,14,1
b1105,N,0,2,16,2
b1106,N,0,1,11,12
b1107,N,0,1,25,4
b1108,Y,0,0,8,2
b1109,N,0,2,20,2
b1110,N,0,0,8,0
b1111,N,0,0,14,2
b1112,N,0,0,9,0
b1113,N,3,0,15,3
b1114,N,0,3,47,10
b1115,N,0,0,31,14
b1116,Y,1,4,23,6
b1117,Y,20,4,17,0
b1118,Y,1,3,29,9
b1119,N,1,1,9,3
b1120,N,0,0,11,3
b1121,N,0,0,15,3
b1122,N,0,0,18,5
b1123,Y,1,2,18,9
b1124,Y,2,2,24,4
b1125,N,2,2,12,6
b1126,N,11,2,15,2
b1127,N,0,0,14,2
b1128,Y,0,1,18,9
b1129,N,0,0,37,9
b1130,N,10,0,13,2
b1131,N,0,5,23,7
b1132,N,0,2,17,1
b1133,Y,0,5,14,5
b1134,N,0,0,7,5
b1135,N,0,1,8,4
b1136,N,0,0,13,6
b1137,N,0,0,22,1
b1140,N,0,0,23,7
b1141,N,0,0,6,2
b1142,N,0,0,6,0
b1143,Y,0,0,12,1
b1144,Y,0,0,1,0
b1145,Y,0,0,12,4
b1146,Y,0,0,15,2
b1147,N,0,0,12,4
b1148,N,0,0,14,1
b1149,N,0,0,29,10
b1151,N,0,0,10,2
b1152,N,0,0,19,7
b1153,N,0,0,10,6
b1154,N,1,0,11,3
b1155,N,1,0,9,4
b1156,N,2,0,14,4
b1157,N,0,0,10,4
b1158,N,2,1,9,2
b1159,N,0,0,24,3
b1160,Y,0,0,10,4
b1161,Y,2,0,6,2
b1162,N,1,0,15,9
b1163,N,0,0,27,4
b1165,N,0,0,8,0
b1166,N,0,0,8,0
b1167,N,0,0,6,0
b1168,N,6,0,26,3
b1171,N,0,0,6,1
b1172,N,0,0,0,0
b1175,Y,0,4,14,0
b1176,N,0,3,14,2
b1177,N,0,0,10,0
b1178,N,0,0,14,0
b1180,Y,0,0,12,2
b1181,N,0,1,7,6
b1182,N,0,0,20,2
b1183,N,0,0,12,0
b1184,N,0,0,27,6
b1185,N,0,2,5,7
b1186,N,0,1,30,10
b1187,N,0,1,12,4
b1188,N,0,0,32,12
b1189,Y,0,0,19,8
b1190,N,1,1,16,9
b1191,N,0,1,29,9
b1192,N,0,0,14,5
b1193,N,0,2,18,5
b1194,N,0,0,13,3
b1195,N,1,0,3,2
b1196,N,0,0,15,3
b1197,N,1,0,29,16
b1198,N,0,0,29,2
b1199,Y,0,1,21,2
b1200,N,0,1,19,5
b1201,N,6,0,37,8
b1202,N,0,0,94,7
b1203,Y,0,5,7,1
b1204,Y,0,5,5,2
b1205,Y,0,0,5,3
b1206,N,0,1,26,7
b1207,Y,0,5,19,0
b1208,Y,0,4,15,5
b1212,Y,0,5,13,4
b1213,Y,0,1,8,3
b1214,N,0,2,16,5
b1216,N,0,0,30,3
b1218,N,0,0,9,7
b1219,N,0,0,7,1
b1220,N,0,0,27,14
b1221,N,1,0,12,1
b1222,N,1,0,38,7
b1223,N,1,0,40,11
b1224,N,1,0,74,38
b1225,N,1,0,23,9
b1226,N,1,0,11,2
b1227,N,1,0,13,6
b1228,Y,0,0,11,1
b1232,Y,0,1,8,0
b1233,N,0,0,9,4
b1234,N,0,0,20,7
b1235,Y,0,0,13,4
b1236,Y,1,2,12,2
b1237,Y,1,2,6,1
b1238,Y,0,3,16,1
b1239,N,0,0,13,3
b1241,N,0,0,50,5
b1242,N,1,2,14,4
b1243,N,6,1,30,13
b1244,N,6,1,18,3
b1245,Y,4,1,29,5
b1246,Y,14,1,15,0
b1247,N,22,0,16,4
b1248,N,0,1,6,2
b1249,N,1,4,25,13
b1250,N,0,0,40,4
b1251,N,0,1,7,1
b1252,Y,0,1,13,2
b1253,Y,0,2,5,2
b1254,Y,0,2,5,7
b1255,N,0,2,23,2
b1256,N,0,0,13,5
b1257,N,0,0,15,2
b1258,N,0,0,8,0
b1260,N,0,2,11,0
b1261,N,0,2,18,1
b1262,N,0,2,25,3
b1263,N,0,2,31,1
b1264,N,1,2,36,0
b1266,N,0,1,13,8
b1267,N,0,1,10,0
b1268,N,0,0,36,16
b1269,Y,1,2,15,4
b1270,Y,0,0,5,3
b1271,Y,0,0,13,4
b1272,N,0,2,17,5
b1273,N,0,0,2,0
b1274,Y,1,3,48,10
b1275,N,3,1,19,2
b1276,N,0,0,51,13
b1277,Y,0,4,3,1
b1278,N,0,1,10,17
b1279,Y,0,1,6,2
b1280,N,0,1,18,5
b1281,Y,0,4,15,1
b1282,N,0,1,6,0
b1284,N,1,0,22,1
b1285,N,10,0,50,10
b1286,N,1,2,21,9
b1288,Y,0,4,20,1
b1289,N,0,0,10,4
b1290,N,15,1,18,2
b1291,N,9,1,16,7
b1292,N,4,1,19,7
b1293,N,5,1,19,12
b1294,N,3,1,42,11
b1295,N,0,0,1,1
b1296,N,1,0,32,11
b1297,N,0,0,20,3
b1298,N,0,0,16,3
b1299,N,0,0,18,0
b1300,N,8,0,32,9
b1301,N,0,0,21,2
b1302,N,6,1,19,0
b1303,N,0,0,14,2
b1304,N,0,0,14,1
b1306,Y,0,0,8,1
b1308,Y,0,0,3,1
b1309,N,0,0,38,12
b1310,N,0,0,29,6
b1311,N,0,0,19,9
b1312,N,1,0,21,3
b1313,N,0,0,17,4
b1315,N,0,0,19,4
b1316,N,0,0,47,20
b1317,N,0,0,17,3
b1318,N,20,0,13,1
b1319,N,0,0,12,10
b1320,N,5,0,29,1
b1321,N,0,1,20,10
b1322,Y,0,1,16,10
b1323,N,10,1,26,3
b1324,N,0,1,10,0
b1325,N,0,0,16,5
b1326,Y,0,0,18,7
b1327,N,0,0,24,3
b1328,N,1,0,20,1
b1329,N,4,0,29,13
b1330,N,0,0,21,5
b1332,Y,0,0,7,1
b1333,N,0,0,8,5
b1334,N,0,1,16,0
b1336,N,0,0,40,8
b1337,N,0,0,25,8
b1338,N,0,0,23,6
b1339,N,2,0,25,1
b1340,Y,0,0,9,3
b1341,N,1,0,25,4
b1342,N,0,0,15,8
b1343,N,3,0,24,4
b1344,N,0,2,11,2
b1345,N,1,0,23,8
b1349,N,0,0,20,2
b1350,N,0,0,49,12
b1351,N,0,0,1,0
b1353,N,0,0,14,3
b1356,Y,0,0,14,4
b1357,Y,0,0,11,2
b1358,Y,0,0,6,3
b1359,Y,0,0,14,6
b1360,N,1,0,14,5
b1361,N,0,0,19,3
b1362,N,0,0,3,0
b1363,N,1,0,44,10
b1364,N,0,0,4,1
b1365,N,0,0,6,1
b1366,N,0,0,9,2
b1368,N,0,0,21,0
b1370,Y,10,0,15,6
b1371,N,0,0,11,3
b1372,N,0,0,156,8
b1373,N,3,0,11,6
b1374,N,2,0,13,0
b1375,N,1,0,3,2
b1376,N,1,0,14,0
b1377,N,4,3,21,5
b1378,N,0,0,71,14
b1379,Y,0,0,10,0
b1380,N,0,1,16,0
b1381,N,0,1,52,32
b1383,N,0,0,4,1
b1384,N,0,0,21,6
b1385,N,8,0,31,11
b1386,N,0,0,29,17
b1387,N,0,0,37,8
b1388,N,0,0,12,10
b1390,Y,0,0,8,6
b1391,N,0,0,8,4
b1392,N,1,0,21,0
b1393,N,1,0,15,1
b1394,N,1,0,10,3
b1395,N,0,0,24,7
b1396,N,0,0,7,1
b1397,N,4,0,20,1
b1398,N,0,0,23,4
b1399,Y,0,0,23,7
b1400,Y,1,0,7,1
b1406,N,0,0,20,2
b1407,N,0,0,53,15
b1408,N,0,0,11,6
b1410,N,0,0,41,9
b1411,N,0,0,22,21
b1412,Y,0,1,15,1
b1413,N,0,0,63,20
b1414,N,0,0,13,6
b1415,N,8,0,20,7
b1418,N,1,0,9,4
b1421,Y,4,0,46,1
b1422,N,2,0,28,2
b1423,N,0,0,18,3
b1424,N,1,0,32,14
b1427,Y,0,0,10,3
b1428,N,0,0,17,5
b1429,N,0,0,25,11
b1430,N,0,0,5,2
b1431,N,0,0,13,2
b1432,N,0,0,29,8
b1433,N,0,0,33,9
b1434,Y,0,0,17,3
b1435,N,0,0,32,4
b1438,Y,0,0,7,0
b1439,N,1,0,31,10
b1440,N,0,0,20,14
b1441,Y,13,0,20,2
b1442,Y,2,0,15,8
b1443,Y,0,0,12,8
b1444,N,8,0,24,6
b1447,Y,0,0,13,4
b1448,Y,0,0,9,4
b1449,N,0,0,18,5
b1450,N,0,0,7,1
b1451,N,1,0,56,13
b1452,Y,0,0,25,3
b1453,N,8,1,32,12
b1454,N,0,0,7,6
b1456,N,0,0,38,12
b1458,N,2,0,16,3
b1460,N,2,0,24,6
b1462,N,0,0,13,6
b1463,Y,0,0,10,6
b1464,Y,0,0,13,3
b1465,N,1,0,15,8
b1466,N,1,0,13,4
b1467,N,1,0,26,11
b1468,N,1,0,87,40
b1469,N,1,0,33,11
b1470,N,0,0,8,1
b1471,Y,0,0,23,3
b1472,Y,0,0,1,1
b1473,N,0,0,20,9
b1475,N,2,0,13,4
b1476,N,1,1,10,8
b1477,Y,0,0,11,2
b1478,N,5,0,15,2
b1479,N,0,0,30,7
b1481,N,0,0,5,1
b1482,N,0,0,10,1
b1483,N,22,0,20,5
b1484,N,13,0,18,2
b1485,Y,5,0,20,8
b1486,N,5,0,13,10
b1487,N,6,0,31,10
b1488,N,0,0,14,3
b1489,N,4,0,52,13
b1490,N,3,0,34,6
b1491,N,0,0,37,15
b1492,N,0,0,30,8
b1493,N,1,0,19,11
b1494,N,0,0,68,16
b1495,N,0,1,74,16
b1496,N,0,0,36,22
b1497,N,1,0,25,4
b1498,N,1,0,39,8
b1499,N,1,0,19,1
b1501,N,1,0,50,8
b1502,N,1,0,27,4
b1503,N,1,0,7,2
b1504,N,1,0,18,1
b1505,N,0,0,39,5
b1507,N,0,0,26,6
b1509,N,0,0,37,13
b1510,N,0,1,100,10
b1511,N,2,0,34,14
b1512,N,0,0,22,1
b1513,N,9,0,35,3
b1514,N,2,0,17,8
b1515,N,0,0,22,4
b1516,N,0,0,18,4
b1517,N,0,0,14,2
b1518,N,0,0,3,0
b1519,N,0,0,13,9
b1520,N,0,0,18,5
b1521,N,1,0,19,7
b1522,N,0,0,25,3
b1523,Y,0,0,6,2
b1524,N,1,0,22,4
b1525,N,8,0,14,7
b1526,N,0,0,19,6
b1527,N,0,0,22,3
b1528,N,3,0,30,9
b1529,N,1,1,18,2
b1530,N,0,0,3,1
b1531,Y,0,0,13,2
b1533,N,0,0,15,5
b1534,Y,0,0,36,10
b1535,N,0,0,11,4
b1536,N,0,0,8,0
b1538,N,1,0,26,15
b1539,N,1,0,9,5
b1540,N,0,0,15,2
b1542,N,3,0,22,8
b1543,N,4,0,30,8
b1544,N,1,0,3,2
b1545,N,2,0,13,0
b1546,N,3,0,11,6
b1549,N,2,0,9,2
b1554,N,0,0,8,5
b1555,Y,0,0,4,0
b1556,Y,0,0,6,2
b1559,N,0,0,14,5
b1560,N,0,0,24,8
b1563,Y,0,0,7,1
b1565,Y,0,0,13,0
b1566,N,0,0,8,1
b1568,N,0,0,0,3
b1570,Y,0,1,9,2
b1577,N,0,0,12,8
b1578,Y,0,0,14,4
b1579,N,1,0,24,6
b1580,N,10,0,21,3
b1581,N,1,0,15,11
b1582,Y,0,0,3,7
b1583,N,0,0,6,3
b1584,N,0,0,7,1
b1585,N,0,0,17,1
b1586,Y,0,0,15,0
b1587,N,6,0,52,15
b1588,N,6,0,49,17
b1589,Y,3,0,9,2
b1590,N,1,0,16,11
b1591,N,0,0,12,11
b1592,N,0,0,29,8
b1593,N,1,1,14,3
b1594,N,1,1,30,2
b1595,N,5,0,15,3
b1596,N,0,1,45,10
b1597,N,0,0,3,0
b1598,N,0,0,17,7
b1599,Y,0,0,5,5
b1600,N,0,0,10,3
b1601,N,1,1,16,5
b1602,N,0,1,28,4
b1603,N,0,1,27,7
b1604,N,0,0,21,2
b1605,N,3,1,25,13
b1606,N,0,0,13,2
b1607,N,0,0,6,5
b1608,N,5,0,10,3
b1609,Y,3,0,29,6
b1610,Y,0,0,11,5
b1611,N,1,3,28,5
b1612,N,1,0,25,3
b1613,N,0,1,30,4
b1614,Y,1,0,43,5
b1615,N,0,0,38,11
b1616,N,5,0,32,9
b1617,N,0,0,25,19
b1618,Y,0,0,12,0
b1619,N,4,0,18,1
b1620,N,0,0,25,4
b1621,N,3,0,30,7
b1622,N,0,0,23,13
b1623,N,0,1,15,3
b1624,N,1,0,23,5
b1626,N,0,0,9,6
b1627,N,0,2,8,2
b1629,N,0,2,22,7
b1630,N,0,2,21,13
b1631,N,0,2,7,2
b1632,N,0,2,12,3
b1633,N,0,4,6,2
b1634,Y,3,0,32,10
b1635,N,0,0,8,3
b1636,N,1,0,11,3
b1637,Y,0,5,21,6
b1638,N,0,3,14,6
b1640,N,0,0,17,8
b1641,N,0,1,12,0
b1642,N,0,2,8,2
b1644,N,2,0,22,7
b1645,N,0,0,57,23
b1646,N,0,1,11,0
b1647,N,0,0,14,5
b1648,Y,0,0,11,2
b1649,N,0,0,11,1
b1650,N,0,1,22,5
b1652,Y,0,4,9,3
b1653,N,0,0,105,25
b1654,Y,0,4,5,2
b1655,N,1,0,25,2
b1656,N,1,0,11,7
b1657,N,3,0,29,3
b1658,N,9,1,17,4
b1659,N,4,0,20,14
b1660,N,2,0,30,12
b1661,N,0,0,23,11
b1662,Y,0,4,8,2
b1663,N,0,1,22,7
b1664,N,0,0,26,2
b1667,Y,0,0,4,2
b1668,N,0,0,27,8
b1669,N,0,0,26,5
b1670,N,0,0,10,8
b1671,Y,3,0,15,4
b1673,N,0,0,36,16
b1674,N,0,0,11,3
b1676,N,1,1,24,0
b1678,N,3,0,19,2
b1679,N,0,2,7,3
b1680,N,1,2,21,5
b1681,N,0,2,23,3
b1682,N,0,3,16,1
b1683,N,0,3,38,10
b1684,Y,1,3,4,1
b1686,Y,1,1,8,2
b1687,N,0,0,53,11
b1688,N,0,2,12,13
b1689,N,0,0,5,4
b1690,N,1,0,32,6
b1691,N,1,0,34,4
b1692,N,0,0,9,2
b1693,N,0,0,17,1
b1694,N,0,0,20,2
b1695,Y,1,0,19,6
b1696,N,0,0,25,4
b1697,N,1,0,15,2
b1698,Y,1,0,17,3
b1699,N,2,0,23,2
b1700,Y,1,0,2,1
b1701,N,4,0,32,8
b1703,N,0,0,16,1
b1704,Y,2,1,20,3
b1706,N,0,0,37,12
b1707,N,0,0,12,3
b1708,N,1,1,11,3
b1709,N,1,0,17,4
b1710,Y,0,1,8,3
b1711,N,2,0,15,14
b1716,Y,0,5,4,1
b1718,Y,0,5,7,0
b1719,Y,0,5,30,11
b1722,Y,0,0,25,6
b1723,N,1,0,23,1
b1724,Y,0,0,6,2
b1726,N,0,0,8,3
b1727,N,0,0,16,3
b1728,N,0,1,12,9
b1729,N,2,0,33,6
b1730,N,0,0,27,0
b1731,N,0,0,5,2
b1732,N,0,0,40,9
b1733,N,0,0,15,2
b1734,N,1,0,19,4
b1735,N,0,0,19,1
b1736,Y,0,0,5,0
b1737,N,0,0,26,9
b1738,Y,0,0,5,0
b1740,Y,0,3,11,2
b1741,Y,0,0,16,5
b1742,Y,0,0,10,5
b1743,N,0,0,2,0
b1745,Y,0,0,29,5
b1746,N,8,0,26,13
b1747,Y,0,0,19,4
b1748,N,6,1,19,4
b1749,N,0,3,11,5
b1750,N,0,0,16,2
b1751,N,0,0,20,5
b1752,N,0,0,14,7
b1753,Y,0,0,15,5
b1754,N,0,0,18,14
b1755,N,0,0,24,27
b1756,Y,0,0,14,4
b1757,N,0,1,33,18
b1758,N,0,0,6,7
b1759,N,0,0,5,3
b1760,N,0,0,6,1
b1761,N,0,0,22,5
b1762,N,0,0,35,13
b1763,N,1,1,31,8
b1764,Y,0,1,16,1
b1765,Y,0,1,10,3
b1766,N,0,3,48,11
b1767,N,0,0,16,1
b1768,N,0,0,11,5
b1769,N,2,0,31,11
b1770,N,5,0,18,2
b1772,N,0,0,16,1
b1773,N,2,0,15,4
b1774,N,9,0,13,0
b1775,N,2,0,32,11
b1779,Y,1,5,15,3
b1780,N,0,0,16,7
b1781,N,2,0,14,7
b1782,N,1,0,21,9
b1783,N,0,0,39,6
b1784,N,0,0,30,4
b1785,N,1,0,39,5
b1786,N,0,0,46,4
b1787,N,0,0,9,0
b1789,N,0,1,11,3
b1790,N,0,0,11,5
b1791,Y,0,0,27,8
b1792,Y,0,0,4,3
b1794,N,0,0,31,4
b1795,N,0,0,4,3
b1804,N,0,1,20,12
b1805,N,5,0,23,4
b1806,N,1,0,6,5
b1807,Y,0,4,7,8
b1808,N,1,1,42,5
b1809,Y,0,1,4,4
b1810,N,0,0,8,2
b1812,N,1,2,31,7
b1814,N,2,0,29,2
b1815,N,6,0,34,8
b1816,N,2,3,24,5
b1817,N,0,2,9,4
b1818,N,0,2,10,2
b1819,N,1,2,10,5
b1820,N,0,0,5,3
b1821,N,0,0,7,5
b1825,N,0,0,7,1
b1827,N,6,0,20,1
b1828,N,4,0,43,5
b1829,N,0,3,22,3
b1830,N,0,1,36,5
b1832,N,0,0,7,2
b1833,N,1,1,23,12
b1834,N,0,1,62,10
b1835,N,0,0,24,10
b1837,N,0,0,4,2
b1838,N,1,0,8,10
b1839,Y,0,0,8,1
b1840,N,0,0,7,15
b1841,N,0,0,9,2
b1843,N,0,0,16,5
b1844,N,0,0,11,6
b1845,N,0,0,38,15
b1846,Y,0,0,13,2
b1847,N,0,0,9,3
b1848,Y,0,0,8,2
b1849,N,0,2,20,2
b1850,N,0,0,9,2
b1851,N,3,0,38,4
b1852,Y,0,3,22,12
b1853,N,0,0,24,0
b1854,N,1,4,25,0
b1855,N,2,1,9,7
b1856,N,0,3,24,6
b1857,N,0,1,18,3
b1858,N,1,3,13,0
b1859,N,0,4,15,5
b1860,N,0,2,11,1
b1861,N,0,2,8,0
b1862,N,0,0,15,6
b1863,Y,0,2,10,0
b1864,Y,1,2,11,2
b1865,Y,0,1,7,4
b1866,Y,0,5,20,4
b1867,N,0,0,11,5
b1868,N,0,0,10,8
b1869,N,0,0,9,5
b1870,N,0,1,18,2
b1871,Y,0,1,15,11
b1872,N,6,1,39,21
b1873,N,1,1,26,5
b1874,Y,0,0,10,1
b1875,N,0,1,14,6
b1876,Y,0,5,16,5
b1877,N,0,0,12,3
b1878,N,0,0,12,3
b1879,N,1,2,27,7
b1880,N,0,2,22,6
b1881,N,0,0,13,2
b1882,N,0,0,4,1
b1884,Y,0,0,18,3
b1885,N,4,0,47,6
b1886,N,4,0,50,4
b1887,Y,0,0,9,0
b1888,N,0,0,46,1
b1889,N,1,1,26,3
b1890,Y,0,1,20,0
b1891,N,0,1,14,4
b1892,N,0,1,6,0
b1895,Y,1,0,15,0
b1896,N,0,0,21,9
b1897,N,0,0,14,5
b1900,Y,9,0,29,4
b1901,Y,0,0,16,5
b1902,N,1,0,13,1
b1903,N,0,0,2,1
b1904,N,0,0,7,0
b1905,N,1,3,12,2
b1907,N,2,1,24,6
b1908,N,0,0,11,7
b1912,Y,0,4,9,11
b1913,N,0,2,36,2
b1914,N,3,0,18,1
b1916,N,0,0,14,5
b1917,N,17,1,11,0
b1918,N,2,1,17,5
b1921,N,0,0,13,3
b1922,N,0,1,12,3
b1923,N,0,1,43,0
b1924,N,0,1,67,2
b1925,N,0,1,14,1
b1926,N,0,0,8,2
b1927,N,0,0,14,14
b1928,N,0,0,3,3
b1929,Y,0,0,12,18
b1932,N,0,0,10,2
b1935,N,0,0,13,2
b1936,N,0,0,7,1
b1938,N,0,2,45,7
b1939,N,0,2,16,0
b1940,N,0,2,11,4
b1941,N,2,2,25,3
b1942,Y,0,2,5,4
b1943,N,0,2,31,1
b1944,Y,0,1,12,2
b1945,N,0,2,19,2
b1946,Y,0,2,10,1
b1947,N,0,0,8,1
b1948,N,0,2,15,3
b1949,N,0,2,3,1
b1950,N,0,2,16,5
b1951,N,0,0,19,1
b1955,N,0,0,17,9
b1956,N,1,0,46,11
b1958,N,0,0,14,4
b1959,N,0,1,19,6
b1960,N,0,0,5,5
b1961,Y,0,1,20,5
b1962,N,0,0,9,3
b1967,N,0,0,15,3
b1968,N,1,0,35,3
b1969,N,12,0,18,5
b1970,N,0,0,8,2
b1971,N,0,1,16,8
b1972,N,0,1,7,8
b1973,N,0,0,17,3
b1974,N,1,0,12,6
b1976,Y,0,0,20,9
b1978,N,0,1,226,20
b1981,N,4,0,29,11
b1982,N,0,0,30,7
b1983,N,1,0,9,1
b1988,N,0,0,28,2
b1990,N,3,0,19,3
b1991,N,0,0,18,1
b1992,N,0,0,13,3
b1993,N,0,0,8,4
b1994,N,10,0,17,7
b1999,N,2,0,16,8
b2000,N,1,1,80,13
b2001,N,0,0,31,13
b2002,N,2,0,5,1
b2004,N,3,0,5,2
b2005,Y,2,0,8,1
b2007,N,0,3,9,0
b2008,N,0,0,18,9
b2009,Y,0,0,4,5
b2010,N,2,0,25,8
b2011,N,0,3,13,9
b2013,N,0,1,19,12
b2016,N,0,0,16,3
b2020,N,0,2,34,2
b2021,N,0,2,18,4
b2022,N,0,2,14,2
b2023,N,0,2,7,2
b2024,N,0,2,11,3
b2025,N,0,2,11,4
b2026,N,0,2,11,3
b2027,N,0,0,16,3
b2028,N,0,1,28,0
b2029,N,0,4,25,4
b2031,N,0,0,10,0
b2032,N,0,0,25,6
b2033,N,0,0,14,2
b2034,N,0,0,27,4
b2035,N,0,0,37,5
b2037,N,0,0,35,5
b2038,N,0,0,13,4
b2039,N,1,0,15,2
b2040,N,0,0,9,6
b2041,N,1,0,23,7
b2042,Y,1,1,15,2
b2043,N,0,0,28,3
b2044,N,0,0,18,6
b2045,N,0,0,24,3
b2046,N,0,0,30,6
b2047,N,0,0,22,13
b2048,N,1,0,15,4
b2049,N,0,0,24,7
b2050,N,0,0,16,6
b2051,N,0,0,8,3
b2052,N,0,0,18,4
b2053,N,0,0,22,4
b2054,N,0,0,12,7
b2055,N,0,0,17,5
b2056,N,0,0,34,5
b2057,N,0,0,21,4
b2058,N,0,0,5,3
b2059,N,0,1,16,8
b2060,N,1,0,49,5
b2061,Y,1,0,7,2
b2062,N,1,0,23,5
b2063,N,2,0,26,5
b2064,N,0,0,39,11
b2065,N,0,3,12,3
b2066,N,0,1,16,0
b2067,N,0,0,82,23
b2068,N,0,0,9,9
b2069,N,0,0,30,7
b2070,N,0,0,32,7
b2071,N,0,0,7,3
b2072,N,0,0,15,3
b2073,Y,0,0,17,4
b2074,N,3,1,31,7
b2075,N,6,0,79,8
b2076,N,6,0,75,6
b2077,N,4,0,35,7
b2078,N,3,0,27,6
b2079,N,7,0,11,2
b2080,Y,0,0,16,1
b2081,N,0,2,17,4
b2084,N,0,0,7,3
b2085,N,0,0,7,1
b2086,N,0,0,11,3
b2088,N,4,0,10,1
b2089,N,5,0,22,9
b2091,Y,4,0,25,3
b2092,N,1,0,17,9
b2093,N,0,0,3,0
b2094,N,0,0,7,1
b2095,N,1,0,23,5
b2096,N,2,0,16,1
b2097,N,0,0,22,1
b2098,N,2,0,22,10
b2099,N,0,0,20,5
b2100,N,0,0,16,9
b2101,N,0,0,18,2
b2102,N,0,0,19,8
b2103,N,0,1,17,5
b2104,N,0,0,14,3
b2105,Y,0,0,3,0
b2106,N,0,0,13,9
b2107,N,0,0,14,4
b2108,N,0,0,41,2
b2109,N,8,0,75,16
b2110,Y,4,0,15,4
b2111,Y,0,0,22,0
b2112,N,0,0,10,1
b2113,N,0,1,20,6
b2114,Y,0,5,41,11
b2118,N,0,0,68,32
b2119,N,0,0,20,4
b2120,N,0,0,43,20
b2121,N,0,0,28,7
b2122,N,0,0,54,14
b2123,N,0,0,11,0
b2124,N,0,0,7,1
b2125,N,1,0,13,0
b2126,N,1,0,31,3
b2127,N,1,0,9,10
b2128,N,0,0,11,4
b2129,N,26,0,18,2
b2130,N,0,0,18,11
b2131,N,0,0,16,6
b2132,N,0,0,53,8
b2133,N,0,0,26,5
b2134,N,0,0,23,2
b2135,N,0,0,12,7
b2136,N,0,0,5,7
b2137,N,8,0,12,3
b2139,N,0,0,7,1
b2140,N,1,1,13,8
b2142,N,0,1,16,3
b2143,N,0,2,19,3
b2144,N,1,1,9,2
b2146,N,1,0,19,1
b2147,N,0,1,23,4
b2149,N,7,1,36,4
b2150,Y,0,0,14,5
b2151,N,10,0,21,2
b2152,N,0,0,18,18
b2153,Y,0,3,13,0
b2154,N,1,0,18,8
b2155,N,2,0,56,17
b2156,N,8,0,29,15
b2157,N,0,0,20,3
b2158,N,0,0,24,7
b2159,N,0,3,13,4
b2160,N,1,0,23,3
b2161,Y,2,0,29,5
b2162,N,2,0,7,2
b2163,Y,0,0,13,2
b2164,Y,2,1,34,4
b2166,N,1,0,28,6
b2167,N,2,1,22,4
b2168,N,0,1,21,7
b2169,N,0,0,18,2
b2170,N,2,0,25,7
b2171,N,0,0,14,1
b2172,N,2,0,27,9
b2173,N,0,0,18,8
b2174,N,0,0,14,7
b2175,N,1,0,22,2
b2176,N,6,0,23,11
b2177,N,0,0,38,20
b2178,N,4,0,24,7
b2179,Y,1,0,28,14
b2180,N,5,0,35,0
b2181,N,0,0,11,2
b2182,N,1,0,32,9
b2183,N,0,1,7,2
b2184,N,0,0,16,6
b2185,Y,0,3,2,0
b2186,N,0,0,20,2
b2188,N,0,1,42,15
b2190,N,3,0,59,10
b2192,N,10,0,17,7
b2193,N,3,1,14,0
b2194,N,0,0,19,5
b2195,N,0,1,6,6
b2196,N,1,1,42,25
b2197,Y,0,1,7,1
b2199,N,0,1,13,17
b2200,N,0,1,10,5
b2201,N,0,1,8,5
b2202,N,0,1,8,5
b2203,N,0,1,11,2
b2204,N,0,1,20,11
b2205,N,0,1,11,1
b2206,N,1,1,35,20
b2207,N,0,1,9,1
b2208,N,0,1,14,3
b2209,N,0,0,7,3
b2210,N,0,3,40,10
b2211,N,0,0,27,12
b2212,N,0,0,9,4
b2213,N,0,0,18,5
b2214,N,0,1,25,6
b2215,N,4,0,17,4
b2216,N,0,0,60,10
b2217,N,0,0,18,1
b2218,N,5,0,69,10
b2219,N,1,0,34,5
b2220,N,8,0,22,4
b2221,N,0,0,7,1
b2222,N,0,0,5,2
b2223,N,0,0,25,9
b2224,N,4,0,22,0
b2225,N,0,0,22,4
b2226,N,0,0,34,16
b2229,N,0,0,11,8
b2230,N,0,0,45,13
b2231,Y,1,5,34,3
b2232,Y,0,3,8,4
b2233,N,0,1,111,16
b2234,Y,1,3,49,5
b2235,Y,0,3,26,7
b2236,N,0,2,3,1
b2237,N,0,0,8,6
b2239,N,0,0,12,4
b2240,N,2,1,20,15
b2241,N,0,1,26,6
b2242,N,0,1,23,9
b2243,N,0,1,19,5
b2244,Y,3,0,15,3
b2245,N,1,0,16,4
b2246,Y,0,0,20,11
b2247,N,0,0,23,8
b2248,N,3,0,21,5
b2249,N,0,0,27,6
b2250,N,0,0,14,2
b2251,N,0,0,3,3
b2254,N,1,1,21,2
b2255,N,0,1,36,10
b2256,N,0,1,12,11
b2257,N,0,1,28,28
b2258,N,0,0,17,8
b2259,N,0,0,8,2
b2260,Y,0,1,23,17
b2265,N,1,1,17,9
b2266,N,0,0,7,1
b2267,Y,0,0,7,3
b2268,N,0,0,14,2
b2269,N,0,0,34,3
b2270,N,0,0,40,7
b2271,N,0,0,24,3
b2272,N,0,0,11,2
b2274,N,0,0,10,7
b2275,N,0,0,13,7
b2276,N,0,2,34,7
b2277,N,2,2,31,17
b2278,N,5,2,33,16
b2280,N,0,2,9,2
b2281,N,0,2,5,2
b2282,N,0,2,19,10
b2283,N,0,2,48,12
b2284,N,0,2,19,10
b2286,N,2,2,25,12
b2287,N,0,2,10,4
b2288,N,0,2,13,5
b2289,N,0,0,23,3
b2291,N,0,0,13,1
b2292,N,0,1,38,6
b2293,N,0,0,9,3
b2294,N,0,0,6,3
b2295,N,0,1,7,5
b2296,Y,1,4,25,1
b2297,N,1,4,50,3
b2298,N,0,0,29,10
b2299,N,0,0,7,4
b2300,N,0,0,9,2
b2301,N,0,0,14,7
b2302,N,0,0,10,7
b2303,N,0,0,5,2
b2304,Y,0,1,13,7
b2305,N,3,0,15,2
b2306,N,15,0,17,1
b2307,N,0,0,14,5
b2308,N,1,0,11,2
b2309,N,4,0,17,1
b2310,N,5,0,22,2
b2311,Y,0,3,13,1
b2312,N,0,1,23,1
b2313,Y,0,2,17,4
b2314,N,0,0,7,0
b2317,N,0,1,7,2
b2318,N,0,5,10,5
b2320,N,0,2,16,3
b2321,N,0,0,25,5
b2322,N,1,0,22,9
b2323,Y,1,4,32,2
b2324,N,0,1,37,15
b2325,N,0,0,9,1
b2326,N,0,1,6,4
b2327,N,0,1,17,2
b2328,N,0,1,20,6
b2329,N,0,3,18,2
b2330,N,0,4,28,6
b2331,N,0,2,6,2
b2332,N,0,0,30,7
b2333,N,0,0,14,1
b2334,N,0,0,10,2
b2335,N,0,1,15,1
b2336,N,5,1,23,3
b2337,N,0,0,22,2
b2339,N,0,0,11,1
b2341,N,1,0,32,2
b2342,N,4,0,25,3
b2343,N,0,1,9,0
b2344,N,0,1,39,12
b2345,N,0,0,25,2
b2346,N,0,1,13,4
b2347,N,0,0,14,8
b2352,N,0,0,45,1
b2353,N,0,0,7,3
b2354,N,1,0,8,5
b2359,N,0,0,9,0
b2360,N,0,0,16,2
b2361,N,0,0,10,1
b2364,N,2,0,24,8
b2365,N,6,0,25,4
b2369,N,0,0,14,0
b2370,N,4,0,90,14
b2373,N,4,0,32,4
b2374,N,1,0,19,7
b2375,Y,0,0,10,2
b2376,N,0,0,9,0
b2378,N,2,0,17,11
b2379,N,1,0,20,5
b2380,N,1,0,30,6
b2381,N,1,0,13,4
b2382,N,1,0,20,4
b2383,N,2,0,60,8
b2384,N,2,0,19,3
b2385,N,1,1,20,5
b2386,N,2,0,29,10
b2387,Y,0,0,4,0
b2388,N,0,0,15,3
b2389,N,0,0,20,7
b2392,N,0,2,24,8
b2393,N,2,1,37,3
b2394,N,2,0,21,8
b2395,N,4,0,46,17
b2398,N,0,0,5,2
b2399,N,0,0,2,2
b2400,Y,0,5,19,8
b2405,N,2,0,13,4
b2406,N,2,0,34,9
b2407,N,0,0,15,0
b2408,N,0,0,14,9
b2409,N,2,0,21,3
b2410,N,0,0,24,9
b2411,Y,0,5,30,4
b2412,Y,0,1,16,1
b2413,N,0,1,11,14
b2414,N,1,3,19,2
b2415,N,0,4,6,0
b2416,N,1,4,26,2
b2417,N,0,2,10,0
b2418,N,1,0,20,3
b2419,N,0,0,6,0
b2420,N,0,0,13,5
b2421,N,1,0,17,3
b2422,N,13,1,16,5
b2423,Y,0,1,10,4
b2424,N,1,1,21,7
b2425,N,1,1,19,7
b2426,N,9,0,18,2
b2427,N,2,1,33,1
b2428,N,0,0,16,0
b2429,N,2,0,20,7
b2430,N,0,0,32,9
b2431,N,0,0,15,4
b2432,N,0,0,19,6
b2433,N,0,0,5,8
b2434,N,0,0,6,2
b2435,N,0,0,25,1
b2436,N,0,1,11,8
b2437,N,0,0,18,9
b2438,N,0,0,7,2
b2439,Y,0,0,15,1
b2440,N,0,0,19,2
b2441,N,0,0,23,2
b2442,N,3,0,24,9
b2443,N,0,0,5,3
b2444,Y,0,0,7,0
b2445,N,0,0,2,0
b2446,Y,0,0,8,4
b2447,N,0,0,10,5
b2448,N,0,0,3,0
b2450,Y,0,0,6,5
b2451,N,0,0,25,3
b2452,N,0,0,15,3
b2453,N,2,0,28,2
b2454,N,0,0,14,6
b2455,N,0,0,19,3
b2456,Y,0,0,6,1
b2457,N,0,0,5,0
b2458,N,0,0,19,2
b2459,N,0,0,17,4
b2460,N,0,0,19,4
b2461,N,0,0,8,1
b2462,N,0,0,7,0
b2463,N,1,1,34,1
b2464,N,1,3,17,4
b2465,N,1,5,31,12
b2466,N,0,0,19,11
b2467,N,0,0,7,1
b2468,N,1,0,29,7
b2469,N,1,0,44,5
b2470,N,6,0,67,11
b2471,Y,0,1,5,3
b2472,Y,0,4,14,6
b2473,N,0,0,14,3
b2474,N,0,1,33,19
b2475,N,0,0,20,4
b2476,N,0,1,10,2
b2477,N,0,0,29,5
b2478,Y,3,4,15,1
b2479,Y,0,0,17,2
b2480,N,0,2,7,2
b2481,N,2,0,12,3
b2482,N,2,0,47,16
b2483,N,1,0,21,7
b2484,N,2,0,35,10
b2485,N,0,0,12,3
b2486,N,5,0,35,8
b2487,N,2,0,27,7
b2489,N,1,0,12,4
b2490,N,1,0,13,3
b2491,N,7,0,43,8
b2492,N,1,1,25,6
b2493,N,0,1,15,10
b2495,N,0,0,6,0
b2496,Y,0,1,14,5
b2497,N,3,1,23,4
b2498,N,0,3,11,1
b2499,N,0,2,20,5
b2500,N,0,0,11,2
b2501,N,0,0,39,5
b2502,N,1,1,26,8
b2503,N,5,0,46,13
b2507,N,0,4,24,8
b2508,N,0,4,27,0
b2509,N,0,0,25,4
b2510,N,0,0,2,0
b2511,Y,0,5,24,3
b2512,N,0,0,34,9
b2513,N,0,3,13,4
b2514,Y,0,5,16,6
b2515,Y,0,4,19,0
b2516,N,0,2,21,6
b2517,N,0,4,17,4
b2518,Y,0,3,7,0
b2519,N,2,0,44,27
b2520,N,0,0,108,30
b2521,N,0,0,15,8
b2522,N,0,0,14,3
b2523,N,1,1,24,10
b2525,Y,0,2,7,1
b2526,Y,2,2,38,1
b2527,Y,0,2,9,2
b2529,Y,0,3,10,1
b2530,Y,0,4,26,4
b2531,N,0,1,14,1
b2532,N,0,1,12,3
b2533,Y,0,4,9,2
b2534,N,0,0,23,5
b2535,N,0,0,22,4
b2536,N,0,1,25,15
b2538,N,0,0,24,15
b2539,Y,0,0,9,5
b2540,Y,0,0,5,0
b2541,N,0,0,17,2
b2542,N,0,0,16,10
b2543,N,0,0,4,3
b2544,N,0,0,19,11
b2545,N,1,0,17,5
b2546,N,5,0,23,3
b2547,N,9,0,30,5
b2548,N,0,0,17,1
b2549,N,0,0,50,35
b2550,N,0,0,27,12
b2551,Y,0,4,17,3
b2552,N,0,1,15,6
b2553,N,1,1,0,0
b2554,N,7,0,25,2
b2556,N,0,0,45,6
b2557,N,0,1,62,18
b2558,N,0,1,32,6
b2559,Y,0,4,7,3
b2560,N,0,0,10,7
b2562,N,0,1,2,1
b2563,Y,0,3,3,3
b2564,Y,0,2,2,0
b2565,N,0,1,16,2
b2566,Y,0,3,16,3
b2567,Y,0,5,14,1
b2568,Y,0,4,17,6
b2569,N,1,5,31,2
b2570,N,0,1,18,3
b2571,N,0,0,34,4
b2572,N,0,1,14,4
b2574,N,2,0,29,8
b2575,N,0,1,17,6
b2577,N,0,0,20,0
b2578,N,0,0,15,7
b2579,Y,0,1,6,1
b2580,N,0,5,12,6
b2581,N,0,1,20,7
b2582,Y,0,1,6,3
b2583,N,0,0,13,2
b2584,N,0,0,61,11
b2585,Y,0,3,16,7
b2586,N,0,0,14,6
b2587,N,4,0,34,9
b2592,N,2,3,39,2
b2593,N,0,1,13,5
b2594,Y,1,5,8,3
b2595,N,0,4,12,2
b2597,N,0,1,4,1
b2599,N,0,3,25,2
b2600,N,0,1,20,5
b2601,N,2,3,27,3
b2602,N,0,0,11,2
b2603,N,0,0,16,1
b2604,N,0,0,27,6
b2605,N,0,0,12,2
b2606,Y,0,5,8,1
b2607,Y,0,4,14,5
b2608,Y,0,3,11,6
b2609,Y,0,5,3,1
b2610,Y,1,5,17,0
b2611,N,0,0,16,7
b2614,Y,0,5,7,0
b2615,Y,0,5,19,2
b2616,N,0,1,32,2
b2618,Y,0,2,5,0
b2619,Y,0,3,11,1
b2620,N,0,5,8,4
b2622,N,3,0,28,9
b2627,N,0,0,49,5
b2628,N,0,0,40,7
b2629,N,0,0,9,1
b2630,N,0,0,22,2
b2632,N,2,0,20,4
b2633,N,1,0,17,3
b2634,N,1,0,14,2
b2635,N,0,0,10,2
b2637,N,1,0,14,3
b2638,N,0,0,9,0
b2639,N,0,0,9,5
b2642,N,0,0,48,2
b2646,Y,2,0,7,2
b2647,N,0,0,131,10
b2650,Y,0,0,15,1
b2658,N,0,0,4,1
b2659,N,0,0,19,5
b2661,N,8,1,18,5
b2662,N,6,0,15,1
b2663,N,8,0,38,16
b2664,N,0,0,13,4
b2665,Y,0,1,8,1
b2667,N,0,0,10,0
b2668,Y,0,0,8,2
b2669,N,1,0,7,2
b2670,N,0,0,14,3
b2671,N,0,0,6,0
b2673,Y,0,0,3,1
b2674,Y,0,1,8,2
b2675,N,1,2,45,6
b2676,N,0,2,25,8
b2677,N,17,0,20,0
b2678,N,0,0,15,9
b2679,N,0,0,12,8
b2681,N,0,0,21,10
b2682,N,0,0,24,7
b2683,N,0,0,6,1
b2684,N,0,2,15,2
b2685,N,2,0,20,5
b2686,N,4,0,39,16
b2688,N,0,2,30,8
b2689,N,0,1,13,8
b2690,N,0,0,6,3
b2697,Y,0,5,50,8
b2698,N,0,1,8,3
b2699,N,0,3,20,2
b2700,N,1,0,11,4
b2701,N,0,0,18,8
b2702,N,0,0,10,2
b2703,N,0,0,18,4
b2705,N,0,0,21,0
b2706,N,0,0,6,2
b2707,N,5,0,17,0
b2708,N,1,1,17,1
b2709,N,11,0,29,1
b2710,N,0,0,26,11
b2711,N,1,0,19,3
b2712,N,0,0,26,15
b2713,N,4,0,7,0
b2714,N,9,0,28,2
b2715,N,2,0,33,7
b2716,N,2,0,28,10
b2717,Y,0,0,2,2
b2718,N,1,0,8,3
b2719,N,1,0,12,3
b2720,Y,1,0,8,2
b2721,N,2,0,24,8
b2722,N,1,0,18,6
b2723,N,1,0,35,17
b2725,N,0,0,9,2
b2727,N,0,0,13,2
b2729,N,0,0,15,2
b2730,N,0,0,10,2
b2731,N,6,0,38,5
b2732,Y,0,0,3,2
b2733,N,0,2,41,6
b2734,N,1,0,14,5
b2735,N,3,0,23,2
b2736,N,2,0,21,2
b2737,Y,0,0,24,3
b2738,N,0,0,17,2
b2739,N,1,0,6,5
b2740,N,6,0,26,7
b2741,N,1,0,13,3
b2742,N,0,3,33,4
b2743,N,0,0,6,4
b2744,N,0,2,14,3
b2745,N,0,0,12,9
b2746,Y,0,4,2,1
b2747,Y,0,4,8,2
b2748,Y,0,4,4,2
b2749,N,0,0,7,4
b2751,N,0,2,28,4
b2752,N,0,2,14,7
b2753,N,0,0,16,3
b2754,N,0,0,4,4
b2755,N,0,0,15,4
b2756,N,0,0,10,3
b2757,N,0,0,16,4
b2758,N,0,0,27,5
b2759,N,0,0,6,5
b2760,N,0,0,25,8
b2762,N,0,2,9,7
b2763,N,0,2,16,8
b2764,N,0,2,31,11
b2765,N,0,1,4,3
b2766,N,2,0,27,9
b2767,N,0,0,8,2
b2769,N,0,0,16,7
b2770,N,0,0,7,5
b2771,N,1,0,31,13
b2774,N,6,0,17,3
b2775,N,1,1,39,10
b2776,N,1,0,31,12
b2777,N,0,1,11,5
b2778,N,0,1,33,5
b2780,Y,0,5,27,3
b2781,N,0,1,7,4
b2782,N,0,0,6,2
b2783,N,0,0,3,3
b2784,N,1,1,37,11
b2785,N,0,1,27,4
b2786,N,4,0,59,3
b2787,N,1,0,19,8
b2788,N,1,0,10,11
b2789,N,4,0,32,14
b2790,N,0,0,11,3
b2791,N,1,1,14,6
b2792,N,0,1,2,3
b2793,N,0,0,8,4
b2794,N,0,1,20,5
b2795,N,0,0,22,2
b2796,N,4,2,30,7
b2797,N,2,1,28,2
b2798,N,0,0,15,5
b2799,N,2,0,9,4
b2800,N,0,0,10,2
b2801,N,0,0,33,6
b2802,N,0,0,35,14
b2803,N,2,0,27,13
b2805,N,2,0,23,3
b2806,N,0,1,13,10
b2807,N,0,0,11,5
b2808,N,4,1,20,4
b2810,N,1,2,24,6
b2811,Y,0,1,6,2
b2812,N,0,1,12,2
b2813,N,0,2,23,6
b2817,N,1,1,34,2
b2818,N,0,2,29,1
b2819,N,0,3,34,6
b2820,N,0,4,64,23
b2821,N,0,1,70,14
b2822,N,0,4,69,27
b2824,N,0,0,12,4
b2825,N,0,0,14,4
b2826,N,0,0,14,10
b2827,Y,0,4,10,7
b2828,Y,0,5,15,8
b2829,N,3,0,32,4
b2830,N,0,2,12,8
b2831,N,0,1,12,6
b2832,N,0,0,17,4
b2834,N,2,0,22,3
b2835,N,0,0,22,9
b2836,N,2,0,33,8
b2837,N,6,0,24,1
b2838,N,0,3,24,4
b2840,N,0,0,9,2
b2841,N,2,0,31,10
b2854,Y,0,0,8,2
b2857,N,0,0,14,2
b2859,N,0,0,7,2
b2860,N,5,0,19,7
b2866,N,2,0,44,8
b2867,N,0,0,17,1
b2868,N,0,0,6,1
b2869,N,9,0,38,2
b2870,N,0,0,23,6
b2871,N,0,0,17,6
b2872,N,0,0,20,9
b2873,N,1,0,23,4
b2874,N,2,1,16,2
b2875,N,0,0,24,3
b2877,N,0,0,10,3
b2878,N,0,0,46,14
b2879,N,0,0,32,5
b2880,Y,0,0,12,3
b2881,N,2,0,46,8
b2882,N,2,0,42,1
b2883,N,0,0,23,8
b2886,N,3,0,10,0
b2887,N,1,0,31,5
b2888,N,4,1,39,6
b2889,N,0,0,10,6
b2892,N,0,2,26,8
b2893,N,0,1,11,1
b2895,N,1,0,7,6
b2896,N,0,0,10,10
b2897,Y,0,2,3,2
b2899,N,0,0,15,4
b2900,Y,0,1,3,0
b2901,N,2,1,20,11
b2903,N,0,0,48,7
b2904,N,0,0,12,2
b2905,N,0,0,13,5
b2906,N,2,1,25,8
b2907,Y,2,2,20,7
b2908,N,2,2,21,4
b2909,Y,0,1,8,2
b2910,N,0,3,4,0
b2912,N,0,1,5,5
b2913,N,0,0,24,1
b2916,N,0,0,16,3
b2917,N,0,0,42,6
b2918,N,0,0,18,3
b2919,N,1,0,20,1
b2920,N,0,0,36,4
b2921,N,0,0,17,2
b2922,N,0,0,14,0
b2923,Y,0,0,11,9
b2925,Y,0,4,25,4
b2926,Y,0,5,21,1
b2927,N,1,0,17,4
b2928,N,0,0,7,5
b2929,N,0,0,9,4
b2930,N,1,0,10,4
b2933,N,0,0,23,3
b2934,N,0,0,16,1
b2935,Y,1,4,37,11
b2936,N,1,0,24,0
b2937,N,0,1,12,3
b2938,N,0,0,41,9
b2942,Y,0,5,20,4
b2943,N,3,0,27,12
b2944,N,0,1,6,4
b2945,N,0,1,12,7
b2946,N,0,3,15,2
b2947,Y,0,2,10,4
b2948,Y,0,3,9,3
b2949,Y,0,4,7,2
b2950,N,0,0,20,3
b2951,N,0,3,14,2
b2952,N,0,1,9,6
b2955,N,1,4,15,5
b2956,N,0,0,20,9
b2957,Y,0,1,17,1
b2958,N,0,0,17,2
b2959,Y,0,1,5,5
b2960,N,0,3,14,4
b2961,N,0,3,18,11
b2963,N,0,2,28,3
b2964,N,2,0,35,10
b2965,N,4,0,38,6
b2966,N,0,0,16,3
b2968,N,0,0,11,5
b2969,N,0,0,17,8
b2970,N,0,0,18,4
b2971,N,0,0,13,0
b2975,N,1,0,41,11
b2979,N,0,0,20,1
b2980,N,1,0,16,0
b2981,N,0,0,16,13
b2982,N,10,0,17,7
b2983,N,0,0,30,12
b2984,N,2,0,20,3
b2985,N,2,0,15,4
b2986,N,2,0,9,2
b2987,N,1,0,32,8
b2988,N,0,0,24,17
b2989,N,0,0,11,8
b2990,Y,0,0,2,1
b2991,N,1,0,8,3
b2992,N,0,0,16,3
b2993,Y,1,0,5,0
b2994,N,1,0,36,13
b2995,N,0,0,27,10
b2996,N,2,0,15,2
b2997,N,1,0,16,4
b2998,N,0,0,5,1
b2999,N,0,0,4,3
b3001,N,2,0,26,7
b3002,Y,0,1,13,3
b3003,N,1,0,16,2
b3005,N,0,0,4,0
b3006,N,1,0,15,3
b3008,N,1,1,28,6
b3009,N,1,0,10,6
b3010,N,0,0,27,1
b3011,N,0,1,12,5
b3012,N,1,1,9,7
b3013,N,0,0,17,6
b3017,N,1,1,33,13
b3018,Y,0,3,12,3
b3019,Y,1,1,44,5
b3020,N,6,0,24,15
b3021,Y,0,0,8,0
b3022,N,0,0,7,1
b3024,N,0,0,10,3
b3025,N,10,0,7,3
b3026,N,0,0,25,7
b3027,Y,0,0,6,6
b3028,N,0,0,7,6
b3029,N,0,0,5,1
b3030,Y,1,1,29,8
b3031,N,0,0,13,3
b3032,N,0,1,14,7
b3033,Y,0,0,8,2
b3034,N,0,0,12,4
b3035,N,0,0,44,1
b3036,N,0,0,7,1
b3037,N,0,0,20,3
b3038,N,1,0,18,12
b3039,N,0,0,18,9
b3040,N,0,0,18,2
b3041,Y,0,3,7,0
b3042,N,0,2,4,0
b3043,N,1,0,15,0
b3047,N,3,0,13,3
b3048,N,1,0,31,3
b3051,N,0,0,30,1
b3052,N,0,3,25,3
b3053,N,0,1,46,21
b3054,N,0,0,21,10
b3055,N,0,1,13,5
b3056,Y,0,4,12,8
b3057,N,0,2,16,3
b3058,N,0,3,6,3
b3059,N,0,3,13,9
b3060,N,5,0,19,6
b3062,N,0,0,5,3
b3063,N,2,0,38,18
b3066,Y,0,5,24,4
b3067,Y,0,5,29,4
b3068,N,0,0,8,3
b3070,N,0,0,11,5
b3071,N,0,0,8,1
b3072,N,4,0,37,8
b3073,N,6,0,20,1
b3074,N,0,0,5,0
b3075,N,1,0,21,1
b3076,N,1,0,54,25
b3077,N,0,0,4,1
b3078,N,2,0,35,10
b3079,N,0,0,22,11
b3080,N,0,0,38,24
b3081,N,0,0,32,5
b3084,N,0,0,19,5
b3085,N,0,0,7,3
b3086,Y,1,0,11,3
b3087,N,0,0,29,1
b3088,N,0,0,13,10
b3089,N,0,1,32,5
b3090,N,0,0,9,7
b3091,N,1,0,17,2
b3093,N,3,0,23,16
b3094,N,1,0,11,5
b3095,Y,2,2,10,7
b3096,Y,0,0,11,4
b3097,N,0,0,8,0
b3098,N,0,0,11,1
b3099,N,0,0,6,2
b3100,Y,0,0,10,7
b3101,N,0,0,10,2
b3102,N,0,0,15,9
b3103,N,1,0,1,8
b3104,N,1,0,7,4
b3105,N,3,0,15,4
b3110,N,4,0,37,9
b3113,N,1,0,8,0
b3114,N,3,1,38,7
b3115,N,1,0,38,3
b3117,N,0,0,23,0
b3118,N,1,0,31,2
b3119,Y,0,0,8,0
b3120,N,0,0,14,2
b3121,N,0,0,33,1
b3125,N,3,1,15,0
b3126,N,1,0,17,3
b3127,N,4,0,29,12
b3128,N,1,0,24,5
b3129,N,0,0,3,0
b3130,N,0,0,7,4
b3131,N,6,1,21,0
b3132,N,1,0,21,4
b3133,Y,1,0,2,2
b3134,Y,0,0,4,1
b3135,N,0,0,9,2
b3136,N,0,0,28,5
b3137,N,2,1,19,1
b3139,N,1,0,11,4
b3140,N,1,0,18,3
b3141,N,0,0,13,2
b3142,N,0,0,9,2
b3143,N,5,0,16,3
b3144,N,8,0,85,12
b3145,N,0,0,28,3
b3146,N,0,5,9,2
b3147,N,0,1,45,9
b3149,N,1,1,10,0
b3150,N,0,3,14,1
b3151,N,0,0,15,16
b3152,Y,0,0,13,2
b3154,Y,0,1,5,5
b3155,Y,0,0,6,1
b3156,Y,0,0,6,2
b3157,N,0,0,11,3
b3158,N,0,0,18,5
b3159,N,0,0,19,6
b3160,N,0,0,25,4
b3162,N,0,5,26,3
b3163,N,0,1,16,5
b3164,Y,0,4,33,2
b3165,Y,0,5,6,0
b3166,N,0,5,16,0
b3168,Y,0,5,44,2
b3170,Y,0,1,8,1
b3172,N,0,2,24,6
b3173,N,2,0,43,6
b3176,N,0,4,20,2
b3177,N,0,3,21,1
b3178,N,0,5,32,5
b3179,N,0,4,16,3
b3180,N,0,1,3,0
b3181,N,0,5,5,0
b3182,N,0,0,32,4
b3183,Y,0,5,14,8
b3184,N,0,1,19,8
b3187,Y,0,3,10,2
b3188,N,0,1,9,4
b3189,N,0,4,17,2
b3190,N,0,4,6,1
b3191,N,0,1,8,2
b3192,N,0,1,6,3
b3193,N,0,1,10,1
b3194,N,0,1,21,6
b3195,N,7,1,17,1
b3196,N,0,1,20,5
b3197,N,1,2,17,1
b3201,Y,7,3,12,0
b3202,Y,0,0,36,5
b3203,N,0,0,2,0
b3204,Y,0,1,9,0
b3205,N,0,1,24,2
b3206,N,0,0,3,0
b3207,N,0,0,11,4
b3208,N,0,0,20,9
b3210,N,3,0,41,8
b3211,N,0,0,11,5
b3212,N,0,0,84,14
b3213,N,1,0,18,5
b3216,N,8,0,82,10
b3217,N,0,0,16,0
b3219,Y,0,0,23,1
b3220,N,0,0,22,4
b3221,N,0,1,4,0
b3222,N,0,0,11,1
b3223,N,0,2,9,2
b3224,N,1,0,27,15
b3225,N,2,1,15,1
b3226,Y,0,0,20,2
b3227,N,1,0,30,2
b3228,N,0,1,5,1
b3230,Y,0,5,7,0
b3231,Y,0,5,0,1
b3232,N,0,1,18,5
b3233,N,0,3,11,1
b3234,Y,2,2,38,0
b3235,N,1,1,20,0
b3236,N,0,2,17,0
b3237,Y,0,1,10,0
b3239,Y,0,0,3,1
b3240,N,0,0,34,13
b3241,N,2,0,14,5
b3242,N,0,0,6,2
b3243,N,6,0,23,3
b3244,N,0,3,33,3
b3247,N,0,1,23,1
b3248,N,1,1,9,0
b3249,N,0,3,10,10
b3250,Y,0,3,21,1
b3251,Y,0,3,27,0
b3252,N,0,0,46,10
b3258,N,1,1,26,8
b3259,N,0,1,14,8
b3260,N,1,1,13,4
b3261,Y,0,2,4,0
b3262,N,0,0,19,4
b3264,N,1,0,4,3
b3265,N,3,0,25,1
b3266,N,6,0,64,7
b3268,N,0,0,20,6
b3270,N,0,0,25,18
b3271,N,19,0,10,2
b3279,N,0,0,19,2
b3280,N,0,0,4,5
b3281,N,0,3,17,2
b3282,N,0,5,7,2
b3284,N,0,1,3,2
b3287,Y,0,5,5,0
b3288,Y,0,5,18,7
b3289,N,0,1,17,10
b3290,N,0,2,23,0
b3291,Y,0,2,4,0
b3292,N,0,1,12,0
b3298,Y,0,5,6,0
b3300,Y,0,5,23,4
b3301,Y,0,4,7,0
b3303,Y,0,5,7,0
b3304,Y,0,5,5,0
b3305,Y,0,5,4,1
b3306,Y,0,5,7,0
b3307,Y,0,5,8,2
b3308,N,0,5,7,1
b3309,Y,0,5,5,0
b3310,Y,0,5,6,0
b3311,Y,0,5,4,1
b3313,N,0,5,2,2
b3314,N,0,5,9,4
b3315,N,0,5,7,0
b3316,Y,0,5,4,1
b3317,Y,0,5,10,2
b3318,Y,0,4,4,1
b3319,Y,0,5,12,2
b3320,Y,0,5,9,2
b3321,Y,0,5,2,0
b3322,N,0,0,8,3
b3323,N,0,0,32,19
b3326,N,1,0,37,2
b3327,N,1,0,29,2
b3328,N,0,0,5,2
b3329,N,0,0,12,5
b3331,N,0,0,15,1
b3332,N,0,0,20,5
b3333,N,0,0,32,14
b3338,N,0,0,76,31
b3339,Y,1,5,10,1
b3340,Y,1,5,29,6
b3341,N,0,5,15,2
b3342,Y,0,5,6,0
b3343,Y,0,1,5,2
b3344,Y,0,2,3,1
b3345,Y,0,2,10,1
b3346,N,0,1,22,0
b3347,N,1,2,16,1
b3349,Y,0,1,5,0
b3350,N,2,0,35,8
b3351,N,1,1,14,5
b3352,N,3,1,39,9
b3353,N,0,0,19,7
b3355,N,0,0,18,4
b3358,N,0,0,34,19
b3360,N,0,2,9,3
b3361,N,0,0,7,3
b3363,N,1,0,11,0
b3364,N,0,1,30,9
b3365,N,0,1,44,8
b3366,N,0,0,9,2
b3370,N,1,0,34,11
b3371,N,0,0,16,7
b3374,Y,0,0,9,9
b3375,N,0,1,21,3
b3376,N,0,0,18,0
b3378,N,0,0,5,0
b3379,N,0,1,14,0
b3380,N,1,0,17,4
b3381,N,0,0,23,5
b3382,N,0,0,6,2
b3383,N,0,0,15,1
b3384,Y,0,5,19,2
b3385,N,0,1,8,2
b3386,Y,2,4,12,0
b3387,N,0,2,15,2
b3388,N,0,1,35,3
b3389,N,0,3,20,2
b3390,Y,0,4,19,2
b3391,N,0,1,29,6
b3393,N,0,0,14,7
b3394,N,0,0,9,6
b3395,N,0,0,19,10
b3396,N,2,1,46,14
b3397,N,0,1,14,2
b3398,N,0,0,55,18
b3399,N,0,0,8,6
b3400,N,0,1,5,2
b3402,N,0,0,38,23
b3403,N,0,2,25,9
b3404,N,2,0,26,8
b3405,N,13,0,13,1
b3406,N,0,1,6,4
b3407,N,0,1,33,6
b3409,N,0,0,53,9
b3411,N,3,0,22,2
b3412,N,0,2,14,8
b3413,N,0,1,15,8
b3414,N,0,5,8,0
b3415,N,6,0,24,5
b3416,N,0,0,35,22
b3417,N,1,0,25,20
b3418,N,0,0,53,22
b3421,N,0,0,17,6
b3422,N,10,0,37,9
b3423,N,5,1,18,1
b3424,N,0,0,14,13
b3426,N,0,0,30,12
b3428,N,1,0,48,14
b3429,N,0,0,24,9
b3430,N,0,0,30,6
b3431,N,0,0,25,19
b3432,N,0,0,32,26
b3433,Y,0,4,21,8
b3434,N,0,3,12,2
b3439,N,1,0,16,6
b3440,N,1,0,18,1
b3441,N,0,0,5,3
b3442,N,0,0,26,2
b3443,N,0,0,10,0
b3444,Y,5,1,10,1
b3445,N,5,1,15,5
b3446,N,0,0,3,1
b3447,N,0,0,38,4
b3448,N,0,0,7,0
b3449,N,0,1,10,8
b3451,N,0,0,12,8
b3452,N,1,0,25,7
b3453,N,0,0,25,8
b3454,N,7,0,10,2
b3455,N,8,0,8,1
b3456,N,0,0,21,7
b3458,N,1,0,19,4
b3459,N,0,0,7,4
b3460,N,1,0,15,3
b3461,Y,0,4,16,6
b3462,N,0,1,23,4
b3463,Y,14,1,12,1
b3464,Y,1,5,15,3
b3465,Y,0,4,11,4
b3466,Y,0,0,1,2
b3467,Y,0,0,9,0
b3468,N,0,0,14,11
b3469,N,2,0,35,6
b3472,N,0,0,12,3
b3473,N,1,0,23,9
b3474,N,1,0,19,7
b3476,N,7,0,28,9
b3477,N,6,0,13,8
b3478,N,5,0,20,9
b3479,N,9,0,13,0
b3480,N,23,0,18,1
b3481,N,0,0,8,0
b3482,N,3,0,90,28
b3484,N,2,0,24,6
b3486,N,0,1,62,10
b3487,N,0,0,19,6
b3488,N,1,0,33,5
b3489,N,0,0,6,0
b3491,N,0,0,32,9
b3493,N,1,4,33,8
b3494,N,0,0,6,3
b3495,N,2,1,12,1
b3496,N,3,0,24,7
b3497,N,0,2,6,2
b3498,N,1,3,33,12
b3499,N,0,1,17,5
b3500,Y,3,1,16,3
b3502,N,0,0,22,12
b3503,N,0,1,6,0
b3504,N,0,0,18,2
b3505,N,10,0,17,7
b3506,Y,1,0,10,4
b3507,N,0,0,9,0
b3512,N,0,0,13,1
b3513,N,3,0,31,1
b3514,N,6,0,76,7
b3515,N,2,0,28,1
b3523,N,4,0,22,6
b3524,N,0,0,38,10
b3525,N,0,0,14,6
b3526,N,0,0,25,6
b3527,N,0,0,28,12
b3528,N,2,0,26,1
b3529,N,9,0,36,7
b3530,N,0,0,91,29
b3531,N,0,0,25,16
b3532,N,0,0,51,10
b3533,N,0,1,47,26
b3534,N,0,0,16,7
b3536,N,0,0,37,14
b3538,N,0,0,40,18
b3539,N,3,0,29,7
b3540,N,23,1,17,0
b3541,N,8,1,17,0
b3542,N,5,1,13,6
b3543,N,6,1,12,9
b3544,N,7,1,29,9
b3546,N,1,0,38,12
b3547,N,0,1,34,6
b3548,N,0,0,22,9
b3549,N,0,1,10,4
b3550,N,0,0,4,8
b3551,N,6,1,44,22
b3552,N,0,0,20,0
b3553,N,0,0,15,2
b3555,N,0,0,8,1
b3557,N,0,0,9,2
b3558,N,5,1,18,2
b3559,Y,0,4,21,7
b3560,Y,0,4,10,6
b3561,N,0,0,18,10
b3562,N,0,0,11,3
b3563,N,0,0,4,1
b3565,N,0,0,16,8
b3566,N,0,0,14,3
b3567,N,8,0,26,3
b3568,N,3,0,30,11
b3570,N,0,0,30,5
b3571,N,0,0,39,25
b3572,N,0,0,14,6
b3573,N,3,0,7,2
b3574,N,4,0,21,1
b3575,N,1,0,20,7
b3576,N,0,0,6,1
b3577,N,0,0,12,4
b3579,N,0,0,22,3
b3580,N,3,0,26,13
b3582,N,1,1,19,9
b3583,N,2,1,11,5
b3584,N,1,0,27,6
b3585,N,0,0,20,4
b3586,N,1,0,23,3
b3587,N,1,0,7,5
b3589,N,2,0,17,0
b3590,N,0,1,16,12
b3591,N,0,1,27,4
b3592,N,0,0,10,2
b3593,N,3,0,80,31
b3594,Y,0,0,17,1
b3595,N,1,0,15,5
b3596,Y,0,0,12,1
b3599,N,0,1,40,4
b3600,N,0,1,15,2
b3601,N,0,0,9,0
b3603,N,1,0,39,16
b3604,N,1,0,17,3
b3605,N,0,1,22,7
b3606,N,0,2,7,2
b3607,Y,0,3,15,3
b3608,N,0,4,16,2
b3609,Y,0,2,8,1
b3610,N,0,3,4,0
b3611,N,0,4,6,2
b3612,N,0,1,20,3
b3613,N,0,1,27,4
b3614,N,0,0,21,2
b3615,N,0,1,18,10
b3616,N,6,0,15,6
b3617,N,1,0,20,2
b3618,N,0,0,14,6
b3619,N,0,2,16,3
b3620,N,0,2,18,7
b3621,Y,0,2,15,8
b3622,N,0,0,41,2
b3623,N,0,1,24,2
b3624,N,0,0,26,0
b3629,N,0,0,19,5
b3630,N,0,0,11,6
b3631,N,0,0,17,3
b3632,N,0,0,14,7
b3633,Y,0,3,20,6
b3634,Y,0,4,9,1
b3635,N,0,2,15,5
b3638,N,0,1,15,1
b3639,Y,0,2,19,4
b3640,Y,0,5,8,1
b3641,N,0,1,13,1
b3642,N,0,4,9,0
b3643,N,0,1,8,1
b3645,N,0,0,9,2
b3646,N,0,0,7,1
b3647,N,0,0,35,29
b3648,Y,0,5,14,1
b3649,N,0,3,0,0
b3651,N,0,0,10,4
b3652,N,0,1,23,6
b3653,N,0,1,18,4
b3654,N,3,0,35,4
b3655,N,0,0,47,17
b3656,N,1,0,37,25
b3657,N,5,0,24,12
b3659,N,2,0,21,7
b3663,N,0,0,8,4
b3664,N,3,0,36,5
b3665,N,0,0,35,4
b3666,N,2,0,29,9
b3667,N,2,0,22,19
b3668,N,0,0,30,19
b3669,N,3,0,12,1
b3671,N,4,1,23,4
b3673,N,0,1,24,9
b3675,N,0,0,7,4
b3676,N,0,0,5,2
b3677,N,0,0,9,1
b3678,N,0,0,22,12
b3679,N,0,0,30,10
b3680,N,0,0,21,8
b3683,N,2,0,27,8
b3684,Y,1,0,20,1
b3685,N,1,0,30,5
b3686,N,1,0,10,2
b3687,N,1,2,5,0
b3688,N,0,0,14,2
b3689,N,0,0,22,13
b3690,N,0,0,27,9
b3691,N,4,0,22,15
b3693,N,0,0,21,6
b3696,N,0,0,15,1
b3697,N,0,0,11,0
b3698,N,0,0,14,2
b3700,N,0,1,20,5
b3702,Y,0,3,24,5
b3706,Y,0,5,22,4
b3708,N,0,0,19,2
b3709,N,2,0,33,10
b3710,N,1,0,34,5
b3711,N,0,1,25,9
b3712,N,0,0,21,4
b3713,N,0,1,9,1
b3714,N,3,0,35,5
b3715,N,0,0,12,3
b3716,N,0,0,12,1
b3717,N,0,0,7,5
b3718,N,0,0,9,1
b3719,Y,0,0,19,6
b3720,N,1,0,41,13
b3722,N,4,0,35,9
b3723,N,0,0,19,3
b3725,N,9,1,14,2
b3726,N,0,0,16,9
b3727,N,0,1,17,7
b3728,N,0,0,22,8
b3729,Y,0,3,38,3
b3730,Y,0,4,11,3
b3731,Y,0,4,8,0
b3732,N,2,5,25,1
b3733,N,0,5,21,2
b3734,N,0,5,32,1
b3736,Y,0,5,5,1
b3738,N,0,4,17,7
b3739,N,0,0,7,4
b3740,N,0,2,12,2
b3741,N,0,5,30,4
b3742,N,0,1,10,3
b3743,N,0,1,8,0
b3744,N,0,2,22,8
b3745,N,0,1,27,8
b3746,N,0,1,35,9
b3747,N,0,1,41,14
b3748,N,0,0,10,0
b3749,N,9,0,30,2
b3750,N,8,1,18,4
b3751,N,2,0,12,0
b3752,N,0,0,15,2
b3753,N,11,0,16,1
b3754,N,4,0,33,7
b3755,N,1,0,12,5
b3764,N,0,1,5,1
b3765,N,0,0,33,4
b3769,N,0,1,8,0
b3770,N,0,1,20,6
b3771,N,3,2,42,3
b3772,N,0,1,24,2
b3773,N,0,0,17,3
b3774,N,0,2,21,5
b3775,N,0,0,3,0
b3777,N,0,0,6,0
b3778,Y,1,2,37,8
b3779,N,1,0,25,7
b3780,N,3,0,14,3
b3781,N,0,4,3,2
b3784,N,0,1,19,8
b3785,N,0,0,17,7
b3786,N,0,1,15,4
b3787,N,0,1,19,7
b3788,N,1,1,21,7
b3789,N,1,1,16,4
b3790,N,0,1,12,4
b3791,N,1,2,18,4
b3792,N,0,0,28,10
b3793,Y,0,1,28,14
b3794,N,0,1,8,6
b3795,N,8,0,25,12
b3800,N,1,0,15,6
b3801,N,1,0,32,6
b3802,N,0,1,9,9
b3803,N,0,1,29,6
b3804,Y,0,3,12,7
b3805,Y,0,3,16,2
b3806,N,0,1,63,16
b3807,N,0,1,5,5
b3808,N,0,0,15,1
b3809,Y,0,4,8,1
b3810,N,0,0,13,4
b3811,Y,1,2,21,6
b3812,N,0,2,13,5
b3813,N,1,3,35,13
b3816,Y,0,3,19,4
b3817,N,0,0,6,6
b3818,N,0,0,13,0
b3819,N,0,0,13,9
b3821,N,0,0,19,10
b3822,N,0,1,26,4
b3823,N,0,0,11,6
b3824,N,0,0,14,6
b3825,N,0,0,11,7
b3826,N,1,4,15,2
b3827,N,0,0,14,11
b3828,N,0,0,21,5
b3829,N,0,2,31,23
b3831,N,0,1,16,2
b3832,N,0,2,29,4
b3833,Y,0,3,16,1
b3834,N,0,1,9,3
b3835,Y,0,3,22,13
b3836,N,0,1,6,1
b3838,N,0,1,14,1
b3839,N,0,1,17,2
b3842,N,0,0,8,1
b3843,N,0,3,16,10
b3844,N,0,0,10,3
b3845,N,4,0,23,2
b3846,N,1,0,26,8
b3847,N,1,0,18,8
b3848,N,0,0,10,2
b3849,N,1,2,29,12
b3850,Y,0,1,11,4
b3856,N,0,1,6,3
b3857,N,0,0,5,4
b3858,N,0,1,2,1
b3859,N,0,0,6,8
b3860,Y,0,3,10,3
b3863,N,0,5,39,7
b3865,Y,0,4,13,3
b3866,N,0,1,14,1
b3867,N,1,0,19,4
b3870,N,0,3,28,2
b3871,N,1,2,28,2
b3872,N,0,0,13,6
b3873,N,0,0,17,1
b3875,N,0,0,13,6
b3876,N,5,0,22,6
b3877,N,5,0,26,6
b3878,N,1,0,37,26
b3879,N,0,0,20,5
b3880,N,0,0,11,21
b3881,N,0,0,15,3
b3882,N,3,0,17,2
b3883,N,0,0,18,5
b3884,N,4,0,17,0
b3885,N,0,0,11,3
b3886,N,0,1,18,11
b3887,N,0,1,8,1
b3888,N,0,0,13,6
b3889,N,0,0,4,1
b3891,N,0,1,23,5
b3892,N,1,0,7,10
b3893,N,2,0,12,5
b3895,N,0,1,17,3
b3896,N,0,0,21,3
b3899,N,1,0,31,5
b3900,N,0,0,10,2
b3901,N,0,0,6,4
b3902,Y,0,0,13,7
b3905,N,1,0,20,4
b3906,N,1,0,23,4
b3907,N,0,0,22,12
b3908,N,1,4,11,6
b3909,N,0,0,20,3
b3910,N,0,0,15,6
b3912,N,5,2,12,2
b3915,N,0,1,28,6
b3917,N,1,0,18,8
b3918,N,0,0,15,4
b3920,N,0,0,14,1
b3921,N,0,1,5,10
b3922,N,0,0,10,0
b3923,N,1,0,5,1
b3924,N,0,3,12,4
b3925,N,1,0,11,1
b3926,N,1,1,21,13
b3927,N,0,3,12,5
b3928,Y,0,1,3,1
b3929,N,0,1,7,1
b3930,N,0,1,14,8
b3931,N,0,3,22,3
b3932,N,0,3,5,1
b3933,N,0,1,19,5
b3934,N,10,0,14,0
b3935,Y,0,2,34,15
b3937,N,0,0,16,6
b3938,N,0,1,6,2
b3939,N,1,1,22,2
b3940,N,1,0,61,12
b3941,N,0,2,20,3
b3942,N,0,0,44,22
b3943,N,0,0,27,13
b3944,N,0,0,14,4
b3945,N,1,0,13,3
b3946,N,1,0,10,2
b3947,N,2,0,61,9
b3949,N,1,0,15,4
b3950,N,0,0,6,1
b3951,N,3,0,45,6
b3952,N,1,0,17,3
b3953,N,0,0,5,1
b3954,N,1,0,21,3
b3955,N,1,0,33,13
b3956,N,0,1,51,19
b3958,Y,0,2,16,2
b3959,N,0,2,11,2
b3960,N,0,2,25,7
b3961,N,6,1,12,1
b3962,N,3,0,24,2
b3963,N,0,1,19,2
b3964,N,0,0,8,1
b3965,N,0,1,18,3
b3966,N,2,0,48,14
b3967,Y,0,3,12,2
b3972,N,0,4,14,7
b3973,Y,0,3,14,7
b3974,Y,0,2,21,5
b3980,Y,1,5,11,1
b3981,N,0,4,4,3
b3982,N,0,5,12,2
b3985,Y,0,5,6,0
b3986,Y,0,5,6,0
b3987,Y,0,5,74,4
b3988,Y,0,5,71,9
b3989,N,0,0,10,2
b3992,N,1,0,12,3
b3993,N,0,1,8,3
b3994,N,0,1,30,9
b3995,Y,0,0,8,2
b3996,N,0,0,10,8
b3997,Y,0,1,11,5
b3998,N,0,0,14,5
b4000,N,1,3,4,0
b4001,N,0,0,23,7
b4002,Y,0,0,14,4
b4003,N,1,0,28,6
b4004,N,7,0,23,2
b4005,N,0,1,9,5
b4006,N,0,4,29,2
b4011,N,0,0,11,1
b4012,N,0,0,8,2
b4013,N,0,0,14,5
b4014,N,0,0,21,11
b4015,N,0,0,25,8
b4016,N,0,0,21,9
b4017,N,0,0,48,2
b4018,N,4,0,18,2
b4019,N,0,0,51,14
b4020,N,0,0,38,3
b4021,N,0,0,7,4
b4022,N,1,0,16,1
b4023,N,0,0,6,1
b4024,N,0,1,30,2
b4025,N,0,5,29,10
b4029,N,1,0,43,13
b4030,Y,0,0,8,1
b4031,N,2,0,32,12
b4033,N,0,0,24,12
b4034,N,0,0,15,8
b4035,N,13,0,17,2
b4036,N,0,0,28,19
b4037,N,0,0,29,1
b4039,N,0,0,12,4
b4044,N,0,0,21,13
b4046,N,0,1,6,0
b4047,Y,0,0,3,1
b4048,Y,0,0,21,1
b4049,N,0,1,19,4
b4050,Y,0,0,10,8
b4051,N,0,0,24,3
b4052,Y,0,5,34,3
b4053,N,1,1,16,5
b4054,Y,1,0,21,5
b4055,N,0,0,20,5
b4056,N,0,0,9,3
b4057,N,0,0,10,2
b4058,N,0,2,53,3
b4064,N,3,1,29,5
b4065,N,0,1,26,10
b4066,N,0,0,29,1
b4067,N,1,0,30,8
b4069,N,4,0,34,19
b4070,N,0,1,18,10
b4071,N,0,1,14,2
b4072,N,3,1,11,1
b4073,N,0,1,18,12
b4074,N,1,0,37,25
b4075,N,0,0,4,4
b4076,N,0,0,11,4
b4077,N,2,1,35,6
b4078,N,0,0,17,5
b4080,N,2,0,34,5
b4081,N,0,0,33,15
b4082,N,2,0,23,3
b4083,N,0,0,33,9
b4084,N,0,0,11,4
b4087,N,7,0,34,3
b4088,N,1,0,17,3
b4089,N,1,0,26,1
b4090,N,0,1,8,2
b4092,N,0,0,13,5
b4095,N,0,0,24,4
b4096,N,3,0,14,3
b4099,N,0,0,17,0
b4100,N,0,0,11,2
b4101,N,0,0,6,2
b4105,N,0,0,25,6
b4106,N,14,0,17,2
b4108,N,0,1,8,1
b4109,N,0,0,41,8
b4110,N,0,0,16,11
b4111,N,4,0,26,7
b4113,N,7,1,7,2
b4114,N,1,1,35,7
b4117,N,4,0,46,14
b4118,N,0,0,25,5
b4119,N,1,0,14,7
b4120,N,5,0,26,8
b4121,N,0,0,5,5
b4122,N,1,0,25,3
b4123,N,1,1,27,6
b4124,N,1,0,15,3
b4125,N,1,0,39,5
b4127,N,0,0,2,0
b4128,N,0,0,11,0
b4129,N,1,4,17,2
b4130,N,3,0,31,13
b4131,N,4,0,40,7
b4132,N,2,0,34,11
b4136,N,0,1,24,11
b4137,N,0,2,8,2
b4138,N,1,0,30,4
b4139,N,1,2,22,0
b4140,N,0,0,6,0
b4141,N,0,0,21,14
b4142,Y,0,5,6,0
b4143,Y,0,5,17,0
b4145,N,0,0,13,1
b4147,Y,0,5,9,3
b4148,N,0,0,12,4
b4150,N,0,0,20,13
b4152,N,0,1,3,7
b4153,N,1,1,14,2
b4154,N,2,1,20,7
b4155,Y,0,2,18,3
b4156,N,2,0,38,14
b4158,Y,0,0,2,8
b4159,N,1,2,71,20
b4162,N,0,4,11,5
b4166,N,0,0,16,9
b4167,N,0,0,26,9
b4168,Y,0,2,5,1
b4169,N,1,3,35,3
b4170,N,0,2,29,7
b4171,Y,0,5,20,5
b4172,Y,0,2,14,0
b4173,N,0,2,15,4
b4174,N,0,4,27,4
b4175,N,0,4,21,1
b4177,N,0,5,16,4
b4178,N,0,0,12,0
b4179,N,1,3,41,5
b4180,N,0,4,14,1
b4181,N,0,0,14,1
b4182,N,0,0,20,0
b4187,N,0,0,26,11
b4188,N,0,0,9,2
b4189,N,0,0,13,2
b4190,N,0,0,17,5
b4192,N,0,1,15,13
b4193,N,0,2,27,13
b4195,N,0,2,3,1
b4196,N,1,1,8,6
b4197,N,1,1,15,6
b4198,N,2,1,9,4
b4200,Y,0,4,4,1
b4201,Y,0,1,10,1
b4203,N,0,4,6,0
b4204,N,1,0,19,5
b4207,N,1,0,16,3
b4208,N,8,0,33,14
b4209,N,0,0,10,2
b4210,N,0,1,16,12
b4211,N,0,0,23,2
b4212,N,0,0,12,2
b4213,N,0,0,32,7
b4214,N,0,3,11,6
b4215,Y,0,0,23,3
b4216,N,0,0,13,4
b4217,N,0,0,2,0
b4218,N,3,1,31,3
b4219,N,0,1,9,3
b4220,N,0,2,43,14
b4221,N,0,4,70,21
b4222,N,0,0,6,3
b4224,Y,0,0,7,3
b4225,N,0,0,4,0
b4226,Y,0,5,8,2
b4227,N,1,0,19,4
b4230,N,3,0,17,6
b4231,N,5,0,22,4
b4232,N,0,2,19,0
b4233,N,1,1,15,10
b4234,N,0,1,3,3
b4235,N,0,3,39,6
b4237,N,0,1,8,4
b4238,N,0,1,31,6
b4239,N,0,0,26,23
b4240,N,3,1,23,7
b4241,N,0,0,22,1
b4242,N,3,1,51,17
b4243,Y,1,3,5,0
b4244,N,0,2,11,0
b4245,N,0,3,20,2
b4247,N,0,0,9,0
b4248,N,0,0,7,2
b4249,N,2,0,10,1
b4251,Y,0,0,5,0
b4252,N,0,0,2,2
b4253,N,0,0,47,5
b4257,N,0,0,30,6
b4258,Y,2,5,32,24
b4259,Y,0,2,9,4
b4260,N,1,5,29,4
b4261,Y,0,3,20,7
b4262,Y,0,3,28,6
b4263,N,0,1,26,5
b4264,N,5,0,21,0
b4265,N,6,0,18,5
b4266,N,6,0,9,3
b4268,N,1,0,15,2
b4269,N,2,0,21,5
b4271,N,3,0,25,9
b4272,N,5,0,5,2
b4273,N,5,0,19,7
b4274,N,0,0,4,3
b4277,N,0,0,7,3
b4278,N,0,0,23,11
b4279,N,1,0,27,8
b4280,N,0,0,20,5
b4281,N,0,0,10,2
b4283,N,0,0,5,1
b4284,N,2,0,27,6
b4285,N,0,0,13,6
b4286,Y,0,0,8,3
b4287,N,4,1,16,2
b4288,N,3,0,17,9
b4289,N,3,0,20,8
b4291,N,1,0,58,12
b4292,N,0,0,21,10
b4296,N,6,0,31,4
b4297,N,3,0,40,7
b4298,N,3,0,17,3
b4299,N,3,0,20,4
b4302,Y,0,0,6,4
b4303,N,0,0,13,5
b4304,N,1,0,23,4
b4305,N,2,0,22,2
b4306,N,0,0,11,7
b4307,N,0,0,8,1
b4308,N,0,0,24,4
b4309,N,0,0,18,7
b4310,N,0,0,26,10
b4311,N,0,0,19,10
b4317,N,8,0,67,13
b4320,N,1,0,27,4
b4321,N,6,0,24,7
b4322,N,0,0,12,7
b4323,N,2,0,20,8
b4328,N,0,0,25,1
b4329,N,0,0,3,3
b4330,N,0,0,15,3
b4332,N,0,0,36,9
b4333,N,0,0,33,2
b4335,N,0,0,20,3
b4336,N,0,0,25,9
b4337,N,2,0,26,9
b4338,N,0,0,8,1
b4339,N,0,0,8,4
b4340,N,1,1,34,7
b4342,N,0,0,48,11
b4345,N,0,0,22,4
b4346,N,0,0,32,6
b4347,N,0,0,8,2
b4348,N,0,0,40,3
b4349,N,0,1,25,8
b4350,N,0,1,49,15
b4351,N,0,0,18,4
b4352,N,0,0,13,3
b4354,N,1,0,32,15
b4356,N,4,0,31,10
b4357,N,0,0,27,3
b4358,N,3,0,14,2
b4360,N,0,0,15,2
b4361,Y,1,2,19,3
b4362,Y,0,1,8,4
b4364,N,0,0,17,5
b4365,N,0,0,28,5
b4366,N,0,0,26,1
b4371,N,0,2,24,3
b4373,Y,0,1,7,2
b4374,N,0,1,11,6
b4375,N,0,2,19,4
b4377,N,0,0,19,4
b4378,Y,0,1,7,1
b4379,N,0,0,15,5
b4380,N,0,0,29,4
b4381,N,0,2,12,1
b4382,N,0,1,23,2
b4383,N,1,1,17,5
b4384,N,0,3,9,0
b4385,N,0,0,26,13
b4386,Y,0,2,20,7
b4387,N,0,1,10,2
b4388,N,0,0,12,5
b4389,N,0,1,34,3
b4390,N,0,0,23,6
b4391,N,3,1,27,8
b4392,N,0,1,37,20
b4393,N,0,0,6,2
b4394,N,0,0,11,2
b4395,N,0,0,17,5
b4396,N,1,0,12,4
b4397,N,0,0,12,1
b4398,N,12,0,11,4
b4399,N,0,0,26,6
b4400,N,0,0,31,13
b4403,N,0,0,11,3
