orf_id,essential,probability of being essential
b0002 ,0,0.0125178683889
b0004 ,0,0.0502981493744
b0005 ,0,0.831016900928
b0006 ,0,0.0609105947409
b0007 ,0,0.00730442303233
b0008 ,0,0.247197536035
b0009 ,1,0.355083679351
b0010 ,0,0.270097846363
b0011 ,0,0.142032289442
b0013 ,0,0.598456019605
b0014 ,1,0.247480344246
b0015 ,0,0.0973358821745
b0016 ,0,0.0237542966519
b0019 ,0,0.0468203968349
b0020 ,0,0.119143380425
b0021 ,0,0.40098611548
b0022 ,1,0.611346649922
b0023 ,1,0.938986937637
b0025 ,1,0.194841220147
b0026 ,1,0.0115766557336
b0027 ,1,0.637384475402
b0028 ,0,0.814805856595
b0029 ,1,0.114881212805
b0030 ,0,0.0240816719209
b0031 ,1,0.164385414911
b0032 ,0,0.0494860533553
b0033 ,0,0.165744854841
b0034 ,0,0.732260552545
b0035 ,0,0.169515845676
b0036 ,0,0.0719220440062
b0037 ,0,0.00821361898604
b0038 ,0,0.0332034202665
b0039 ,0,0.0155278239936
b0040 ,0,0.00330419638194
b0041 ,0,0.0595658752653
b0042 ,0,0.0430099147118
b0043 ,0,0.0250760565719
b0044 ,0,0.722407934513
b0045 ,0,0.00530262904394
b0046 ,0,0.701227896864
b0047 ,0,0.0123026145529
b0048 ,1,0.828486289084
b0049 ,0,0.0333713234437
b0050 ,0,0.865153126717
b0051 ,0,0.113186105501
b0052 ,0,0.135301685655
b0053 ,0,0.0773817609096
b0054 ,1,0.00704362574128
b0055 ,0,0.375580157964
b0056 ,0,0.185364671754
b0058 ,1,0.332197338667
b0059 ,0,0.0175402042029
b0060 ,0,0.00760593269688
b0061 ,0,0.161659163879
b0062 ,0,0.0138352582739
b0063 ,0,0.00741938478313
b0064 ,0,0.121209955486
b0065 ,0,0.097623236943
b0066 ,0,0.0294496825422
b0067 ,0,0.0071872127352
b0068 ,0,0.0136101251096
b0069 ,0,0.00345090547026
b0070 ,0,0.00543876406642
b0071 ,0,0.532128941396
b0072 ,0,0.0798744114402
b0073 ,0,0.0152661391504
b0074 ,0,0.0175716724214
b0076 ,0,0.0267688262348
b0077 ,0,0.00522143002275
b0078 ,0,0.816541904495
b0080 ,0,0.0443261835794
b0081 ,0,0.647076617347
b0082 ,1,0.0902900403326
b0083 ,1,0.910891241497
b0084 ,1,0.0226131921357
b0085 ,1,0.0494214475003
b0086 ,0,0.0267265760625
b0087 ,0,0.0397192594782
b0088 ,1,0.0485739166782
b0089 ,1,0.00995345997624
b0090 ,1,0.0380695697634
b0091 ,1,0.0816076400224
b0092 ,1,0.0226629654051
b0093 ,1,0.0901498958612
b0094 ,1,0.0256319739955
b0095 ,1,0.312720551041
b0097 ,1,0.0897936136104
b0098 ,1,0.0610411652923
b0099 ,0,0.839544442685
b0102 ,0,0.0820213721858
b0103 ,1,0.527566527327
b0104 ,0,0.0262509401815
b0106 ,0,0.00625047004124
b0107 ,0,0.0148557634948
b0108 ,0,0.398534887919
b0109 ,0,0.0597929117718
b0110 ,0,0.505016218213
b0111 ,0,0.0873428351747
b0112 ,0,0.00335418657494
b0113 ,0,0.199041274461
b0114 ,0,0.0771705061914
b0115 ,1,0.273151026666
b0116 ,1,0.147101924513
b0117 ,0,0.0317190064019
b0118 ,0,0.0647392219066
b0119 ,0,0.833590832162
b0120 ,0,0.0641335579708
b0121 ,0,0.086655510366
b0122 ,1,0.733797312975
b0123 ,0,0.0181465830252
b0124 ,0,0.00741986110236
b0125 ,0,0.914918886291
b0126 ,1,0.169526319789
b0127 ,0,0.0432064478309
b0128 ,0,0.0886800101484
b0129 ,1,0.533712054076
b0130 ,0,0.0498403538018
b0131 ,0,0.766046340976
b0132 ,0,0.0436616685474
b0133 ,0,0.114840018391
b0134 ,0,0.227648963099
b0135 ,0,0.0176590980962
b0136 ,0,0.206735176661
b0137 ,0,0.16334591017
b0138 ,0,0.156325460805
b0139 ,0,0.00348405929674
b0140 ,0,0.0413628930166
b0141 ,0,0.264055849034
b0142 ,1,0.526574334373
b0143 ,0,0.0584788739216
b0144 ,0,0.0829528564444
b0145 ,0,0.77413926904
b0146 ,0,0.0330439572606
b0147 ,0,0.587050385919
b0148 ,0,0.011364576152
b0149 ,0,0.0101280023855
b0150 ,0,0.00516260130416
b0151 ,0,0.0451268227201
b0152 ,0,0.0893695328385
b0153 ,0,0.0110203416324
b0154 ,1,0.0309437527508
b0155 ,0,0.0906015760623
b0156 ,0,0.985522787158
b0158 ,0,0.145577598152
b0159 ,1,0.149399220151
b0160 ,0,0.0111521600464
b0161 ,0,0.10561802946
b0162 ,0,0.0893993104195
b0163 ,0,0.871963252192
b0164 ,0,0.0819477167291
b0166 ,1,0.304076580538
b0167 ,1,0.00704196902943
b0168 ,1,0.154556118883
b0169 ,1,0.657303485216
b0170 ,1,0.958637519129
b0171 ,1,0.520542855533
b0172 ,1,0.779956616607
b0173 ,1,0.0263563134507
b0174 ,1,0.200805503524
b0175 ,1,0.0456865469502
b0176 ,0,0.0478442057967
b0177 ,1,0.020930090291
b0178 ,0,0.969145698043
b0180 ,1,0.907273146571
b0181 ,1,0.221774533391
b0182 ,1,0.106775345212
b0183 ,1,0.77582305449
b0184 ,1,0.0252829016919
b0185 ,1,0.380656002089
b0186 ,0,0.00552875345403
b0187 ,0,0.907454795983
b0188 ,1,0.0110767902248
b0189 ,0,0.86550431876
b0190 ,0,0.649263518012
b0191 ,0,0.812129068375
b0192 ,0,0.0515028139746
b0193 ,0,0.017172339838
b0194 ,1,0.0727560685523
b0196 ,0,0.600081780442
b0197 ,0,0.478406681418
b0198 ,0,0.131468049735
b0199 ,0,0.0155527117826
b0200 ,0,0.635271960071
b0207 ,0,0.0445362259634
b0208 ,0,0.0292712256399
b0209 ,0,0.206410858035
b0210 ,1,0.418921961073
b0211 ,0,0.0321739790961
b0212 ,0,0.0326318773613
b0213 ,0,0.12299113706
b0214 ,1,0.764293799798
b0215 ,1,0.563979249774
b0217 ,0,0.0499391169628
b0218 ,0,0.868656290614
b0219 ,0,0.0354700867087
b0220 ,0,0.459598579117
b0221 ,0,0.00745171884675
b0222 ,0,0.790737614036
b0223 ,0,0.132410005629
b0224 ,0,0.332672873076
b0226 ,0,0.869655473956
b0227 ,0,0.108105034066
b0228 ,0,0.68727757714
b0229 ,0,0.0152666237522
b0230 ,0,0.0819985601356
b0231 ,0,0.0499337534606
b0232 ,0,0.905407976131
b0233 ,0,0.8396178233
b0234 ,0,0.834124345901
b0235 ,0,0.837351138287
b0236 ,0,0.692251945917
b0237 ,0,0.0425888792949
b0239 ,0,0.0119480154838
b0240 ,0,0.828898544495
b0241 ,0,0.0289871697314
b0242 ,0,0.0486284516353
b0243 ,0,0.0509029970619
b0245 ,1,0.588214102387
b0246 ,0,0.620858894742
b0247 ,0,0.518907954511
b0248 ,0,0.447452864748
b0250 ,0,0.199310600149
b0251 ,0,0.0153019523565
b0252 ,0,0.0295093744062
b0253 ,0,0.00839833656083
b0254 ,0,0.0290003687143
b0255 ,0,0.83377033061
b0256 ,0,0.0238526227352
b0257 ,0,0.732959900911
b0258 ,0,0.0208312769731
b0259 ,0,0.02861552389
b0260 ,0,0.00524399252074
b0261 ,0,0.0508804050327
b0262 ,0,0.0561668682186
b0263 ,0,0.734202370832
b0264 ,0,0.394745706244
b0265 ,1,0.61115868302
b0266 ,0,0.755708446105
b0267 ,0,0.00731389730104
b0268 ,0,0.0439268551848
b0269 ,0,0.00507143423893
b0270 ,1,0.0124980140245
b0271 ,1,0.0107167180172
b0272 ,0,0.0295531975312
b0273 ,0,0.0154942359361
b0274 ,0,0.388779234774
b0276 ,0,0.380613624387
b0277 ,0,0.0879470831291
b0278 ,0,0.0804028381904
b0279 ,0,0.0477014369573
b0280 ,0,0.525699318559
b0281 ,0,0.0142020446823
b0282 ,0,0.759290362016
b0283 ,0,0.0330337871585
b0284 ,0,0.00806389481057
b0285 ,1,0.0611783445626
b0286 ,0,0.161301891009
b0287 ,0,0.634787591926
b0289 ,1,0.150696243644
b0290 ,0,0.00722062855493
b0291 ,0,0.0130130496275
b0292 ,0,0.142387524247
b0293 ,0,0.154511584838
b0294 ,0,0.324857302838
b0297 ,0,0.215659501594
b0298 ,1,0.819529845089
b0299 ,0,0.0395002237105
b0304 ,0,0.0151015344161
b0305 ,0,0.0260076521528
b0306 ,0,0.216917396144
b0307 ,0,0.0497378303359
b0308 ,0,0.122243900978
b0310 ,0,0.088467572517
b0311 ,0,0.00728511068694
b0312 ,0,0.0201871593448
b0313 ,0,0.143465729741
b0314 ,0,0.0219722775628
b0315 ,0,0.0257202006797
b0316 ,0,0.0161557448268
b0317 ,0,0.351506635547
b0318 ,0,0.192357235209
b0319 ,0,0.0492288258899
b0320 ,1,0.0248334334232
b0321 ,0,0.0273189096428
b0323 ,0,0.0454265160279
b0324 ,0,0.0262675455737
b0325 ,0,0.0243953029589
b0326 ,0,0.121922876306
b0327 ,0,0.835239630553
b0328 ,0,0.0609923866391
b0329 ,0,0.911380746607
b0330 ,0,0.0149024184285
b0331 ,0,0.164570531455
b0333 ,0,0.0235327152616
b0334 ,0,0.0505566266007
b0335 ,0,0.00529335370842
b0336 ,0,0.0207829123549
b0337 ,0,0.0906412340701
b0338 ,0,0.0149814456402
b0339 ,0,0.284400506152
b0340 ,1,0.780172894001
b0341 ,0,0.0109966490127
b0342 ,0,0.0756641544091
b0343 ,0,0.0182299226567
b0344 ,0,0.00316826833239
b0345 ,0,0.0149257442932
b0346 ,0,0.033334533198
b0347 ,0,0.0207673751866
b0348 ,0,0.122059166107
b0349 ,0,0.0505252528288
b0350 ,0,0.121494334261
b0351 ,0,0.356169280016
b0352 ,0,0.0509489459195
b0353 ,0,0.0269128224794
b0354 ,0,0.547619895443
b0355 ,0,0.0729928416949
b0356 ,0,0.0773580224812
b0357 ,1,0.865940203269
b0358 ,0,0.0582375552585
b0364 ,1,0.867306205462
b0365 ,0,0.0482837514331
b0366 ,0,0.108613114547
b0367 ,0,0.0194501077943
b0368 ,0,0.0904017575085
b0369 ,1,0.0621339108567
b0370 ,0,0.867375747632
b0371 ,0,0.0215224126768
b0374 ,0,0.275592525179
b0375 ,0,0.206760284071
b0376 ,0,0.031176582282
b0377 ,0,0.0387975229726
b0378 ,0,0.0475545231761
b0379 ,1,0.77133404172
b0380 ,0,0.828720058203
b0381 ,0,0.0148843393414
b0383 ,0,0.0267660642529
b0384 ,0,0.839302850397
b0385 ,0,0.0186306120524
b0386 ,1,0.158786576307
b0387 ,0,0.473855232651
b0388 ,0,0.665003714107
b0390 ,0,0.345179520401
b0391 ,0,0.817897972133
b0392 ,0,0.910883875994
b0393 ,0,0.0325196676601
b0394 ,0,0.0232890074624
b0396 ,0,0.00838623128514
b0397 ,0,0.00750446175724
b0398 ,0,0.0171605310531
b0399 ,0,0.232430891693
b0400 ,0,0.0191835486627
b0401 ,0,0.0266064477576
b0402 ,0,0.0099056095031
b0403 ,0,0.0114271818299
b0404 ,0,0.143692952796
b0405 ,0,0.166599809968
b0406 ,0,0.049890242517
b0408 ,1,0.049209825322
b0409 ,1,0.0896675909785
b0410 ,0,0.730242832899
b0411 ,0,0.366775934185
b0412 ,0,0.112298747525
b0414 ,1,0.0489599418149
b0415 ,1,0.985984762078
b0416 ,1,0.907063638525
b0417 ,1,0.0492166681991
b0418 ,1,0.668287400766
b0419 ,0,0.00786923925096
b0420 ,1,0.0164375890328
b0421 ,1,0.0637534159534
b0423 ,0,0.0623916535017
b0424 ,0,0.181760342717
b0425 ,0,0.0326102614561
b0426 ,0,0.813777678824
b0427 ,0,0.0138351332814
b0428 ,0,0.144844460453
b0429 ,1,0.769575635195
b0430 ,0,0.136223195546
b0431 ,0,0.0188636545942
b0432 ,0,0.0311089561266
b0433 ,0,0.00716560678224
b0434 ,0,0.260935339145
b0435 ,0,0.911418664212
b0436 ,0,0.587942688167
b0437 ,0,0.60176146517
b0438 ,0,0.12025602642
b0439 ,0,0.0256634393144
b0440 ,0,0.960947635039
b0441 ,0,0.111811759523
b0442 ,1,0.908353593733
b0443 ,0,0.84131115675
b0444 ,0,0.0729273110628
b0445 ,0,0.0034771401951
b0446 ,0,0.0240663548593
b0447 ,0,0.265285645827
b0448 ,0,0.0101777082012
b0449 ,0,0.023179918705
b0450 ,0,0.817224783897
b0451 ,0,0.0219980753193
b0452 ,0,0.144903247117
b0453 ,0,0.360389703512
b0454 ,0,0.769470393658
b0456 ,1,0.835235560427
b0457 ,0,0.00634755479605
b0458 ,0,0.769098113994
b0459 ,0,0.619658913612
b0461 ,0,0.633239528647
b0462 ,0,0.0062172391425
b0463 ,0,0.0303454611373
b0464 ,0,0.0592015817761
b0465 ,0,0.0053881725841
b0467 ,1,0.530384554886
b0468 ,1,0.83257738471
b0469 ,1,0.759777132135
b0470 ,1,0.0256596598447
b0471 ,0,0.985879355289
b0472 ,0,0.227081700671
b0473 ,0,0.136558107119
b0474 ,1,0.958114643892
b0475 ,1,0.0486807909508
b0476 ,0,0.0330928815184
b0477 ,0,0.0255688094319
b0478 ,0,0.0153249737878
b0479 ,0,0.0322692112959
b0480 ,0,0.0881757578088
b0481 ,0,0.86615574016
b0482 ,1,0.0598630529581
b0483 ,1,0.834098755097
b0484 ,0,0.00347889272962
b0485 ,0,0.0248292911459
b0486 ,0,0.0485886401342
b0488 ,0,0.174501819246
b0489 ,0,0.0319862821421
b0490 ,0,0.0442935695835
b0491 ,0,0.026562226225
b0492 ,0,0.0601715008169
b0493 ,0,0.0617327382167
b0494 ,0,0.143271028318
b0495 ,0,0.1948377798
b0496 ,0,0.0117458629088
b0497 ,0,0.00500401630761
b0498 ,1,0.814033234606
b0499 ,0,0.0597958491013
b0502 ,0,0.86388767982
b0503 ,0,0.0326043688977
b0504 ,0,0.0148855238317
b0505 ,1,0.834995687008
b0506 ,0,0.0235983774659
b0507 ,0,0.0229061644338
b0508 ,0,0.0529222170978
b0509 ,0,0.0459743062887
b0510 ,0,0.838429955549
b0511 ,0,0.0115013239503
b0512 ,0,0.153470043312
b0513 ,0,0.0264553133971
b0514 ,0,0.0477336072089
b0515 ,0,0.141391900927
b0516 ,0,0.0324666423829
b0517 ,0,0.0279647287809
b0518 ,0,0.0125598218047
b0519 ,0,0.0492649648485
b0520 ,1,0.0496562116102
b0521 ,1,0.0432804348834
b0522 ,0,0.0133330376446
b0523 ,0,0.778872817232
b0524 ,1,0.278282287469
b0525 ,1,0.887249134157
b0526 ,1,0.110506991329
b0529 ,0,0.138258033178
b0530 ,0,0.209832573408
b0531 ,0,0.0441559381942
b0532 ,0,0.00511312371948
b0534 ,0,0.307097465434
b0535 ,0,0.0554678260155
b0537 ,0,0.00686116721861
b0540 ,1,0.817011486652
b0541 ,0,0.0365562384606
b0543 ,0,0.833285686818
b0544 ,0,0.026094145643
b0545 ,0,0.278420906514
b0546 ,0,0.0496048981429
b0547 ,1,0.730107361717
b0549 ,1,0.840107730141
b0550 ,1,0.835370716121
b0551 ,0,0.733547397852
b0552 ,0,0.0301061788574
b0553 ,0,0.0153297726065
b0555 ,0,0.504636364973
b0556 ,0,0.908211279423
b0557 ,0,0.711396823146
b0558 ,1,0.367625203787
b0560 ,0,0.697832451083
b0561 ,0,0.114521279793
b0562 ,0,0.114127715584
b0564 ,1,0.0123565390822
b0565 ,0,0.0863741061754
b0566 ,0,0.00819524435533
b0567 ,0,0.030960729489
b0568 ,0,0.00709562224295
b0569 ,0,0.00758208006266
b0570 ,0,0.0152248270595
b0571 ,0,0.0641987671455
b0572 ,0,0.0228085194528
b0573 ,0,0.912553972819
b0574 ,0,0.0494439760568
b0575 ,0,0.0100009344806
b0576 ,0,0.00985613218027
b0577 ,0,0.0142844923973
b0578 ,0,0.323717664731
b0579 ,0,0.764845179576
b0580 ,0,0.545996343983
b0581 ,0,0.0184003867281
b0582 ,0,0.0243056308514
b0583 ,0,0.182489696624
b0584 ,0,0.00608255172646
b0585 ,0,0.0115414920396
b0586 ,0,0.0107787183803
b0587 ,0,0.0231397193417
b0588 ,0,0.0285111768171
b0590 ,0,0.0152277318994
b0592 ,1,0.0598448270725
b0593 ,0,0.0127479333589
b0594 ,0,0.0123298877664
b0595 ,0,0.206879317209
b0596 ,0,0.116475926895
b0597 ,0,0.323799369817
b0598 ,0,0.00587108307399
b0599 ,0,0.0282415292625
b0600 ,0,0.0231310343742
b0601 ,0,0.326419519186
b0602 ,0,0.0137595651257
b0603 ,0,0.0160342012786
b0604 ,0,0.0601492826162
b0605 ,0,0.826228647816
b0606 ,0,0.0630312735105
b0607 ,0,0.556874699567
b0608 ,0,0.0236885177818
b0610 ,0,0.865332289176
b0611 ,0,0.0324502400278
b0612 ,0,0.00306928520977
b0613 ,0,0.0338459061864
b0614 ,0,0.206600436094
b0615 ,0,0.041544196835
b0616 ,0,0.237537379923
b0617 ,0,0.866018592143
b0618 ,0,0.0333151683211
b0619 ,0,0.0221506508665
b0620 ,0,0.178355197112
b0621 ,0,0.00790027434919
b0622 ,0,0.412372763579
b0624 ,1,0.760364311934
b0626 ,0,0.37551186204
b0628 ,0,0.0323062502608
b0629 ,0,0.0560314790346
b0630 ,0,0.282044946383
b0631 ,0,0.867276374251
b0632 ,0,0.0157100331589
b0633 ,0,0.0166230249032
b0634 ,1,0.0725020052127
b0635 ,1,0.00643897802981
b0636 ,1,0.754549070876
b0638 ,0,0.145143001395
b0639 ,0,0.130317508458
b0640 ,1,0.0316004641354
b0641 ,1,0.260800237767
b0642 ,1,0.00779617385983
b0644 ,0,0.0371345772787
b0645 ,0,0.0267001554461
b0646 ,0,0.00526758232068
b0647 ,0,0.324225430606
b0648 ,0,0.00526271309533
b0649 ,0,0.00515167718717
b0650 ,0,0.00840688421391
b0651 ,0,0.0286892526597
b0652 ,1,0.271588196897
b0653 ,1,0.0390341609378
b0654 ,0,0.0297329715557
b0655 ,0,0.0595424683696
b0656 ,0,0.0287008020026
b0658 ,0,0.146461998955
b0659 ,1,0.763130675191
b0660 ,0,0.0572131911204
b0661 ,0,0.00835358720549
b0662 ,0,0.0181401764062
b0674 ,0,0.00714723650804
b0675 ,0,0.154284632781
b0676 ,0,0.031016194474
b0677 ,0,0.0644622682098
b0678 ,0,0.0336184410999
b0679 ,0,0.0311131891413
b0680 ,1,0.152956401308
b0681 ,0,0.0206344623755
b0682 ,1,0.840155155101
b0683 ,0,0.779746849486
b0684 ,0,0.78835203453
b0685 ,0,0.868423197229
b0686 ,0,0.285739650233
b0687 ,1,0.623329218229
b0688 ,0,0.062497429465
b0689 ,0,0.308814047663
b0691 ,0,0.765493653569
b0692 ,0,0.00340123854156
b0693 ,0,0.0079801957517
b0694 ,0,0.155324314467
b0695 ,0,0.00750679468426
b0697 ,0,0.00820338003043
b0698 ,0,0.00746864006422
b0700 ,0,0.00514890996523
b0702 ,1,0.687645910003
b0703 ,0,0.010943300028
b0704 ,1,0.475934100648
b0705 ,0,0.058758665114
b0706 ,0,0.152192432196
b0708 ,1,0.0103347297081
b0709 ,0,0.00321277870847
b0710 ,0,0.184398632877
b0711 ,0,0.209568278178
b0712 ,0,0.0510783798384
b0715 ,0,0.0335415367376
b0716 ,0,0.00806653239012
b0717 ,1,0.0285072539221
b0718 ,0,0.00329578073126
b0720 ,0,0.0196209872555
b0721 ,0,0.8381868882
b0722 ,0,0.837201852798
b0723 ,0,0.0308339019539
b0724 ,0,0.0602736813879
b0725 ,0,0.808574814841
b0726 ,1,0.023973346455
b0727 ,1,0.412591884916
b0728 ,0,0.477331612421
b0729 ,0,0.679265599698
b0730 ,0,0.0295619588831
b0731 ,0,0.00507160030247
b0732 ,0,0.0113815252462
b0733 ,1,0.0222868280921
b0734 ,1,0.0432374523953
b0735 ,0,0.834165233739
b0736 ,1,0.907100097886
b0737 ,0,0.106712531371
b0738 ,0,0.910004274845
b0739 ,0,0.433109766493
b0740 ,0,0.0482350150805
b0741 ,0,0.969926086756
b0742 ,0,0.278969327406
b0750 ,0,0.0496904458185
b0751 ,0,0.0950438967347
b0752 ,0,0.0588369344107
b0753 ,0,0.717510348017
b0754 ,0,0.0239059558707
b0755 ,0,0.294152359917
b0756 ,0,0.0169296684234
b0757 ,0,0.0625743966629
b0758 ,0,0.0138460306078
b0759 ,0,0.061139692816
b0760 ,0,0.0173875968717
b0761 ,0,0.0601586359289
b0763 ,0,0.220046101759
b0764 ,0,0.0901960225881
b0765 ,0,0.0239904635357
b0766 ,1,0.12809890757
b0767 ,0,0.0254174449994
b0768 ,0,0.00799132009879
b0769 ,0,0.0923995771537
b0770 ,0,0.00991262013472
b0771 ,0,0.0262832954684
b0772 ,0,0.0320174604654
b0773 ,0,0.59745115098
b0774 ,0,0.00616956163251
b0775 ,0,0.0514751819816
b0776 ,0,0.0124811669446
b0777 ,0,0.0904387412914
b0778 ,0,0.0441271177597
b0779 ,0,0.0922481834156
b0780 ,0,0.115663669845
b0781 ,0,0.0492086325271
b0782 ,0,0.457054212397
b0783 ,0,0.912388454465
b0784 ,0,0.911388753549
b0785 ,0,0.833637799702
b0786 ,0,0.0914015381464
b0787 ,0,0.122431853414
b0788 ,1,0.0137439451905
b0789 ,0,0.0254657798343
b0790 ,0,0.283420391199
b0791 ,1,0.634231458108
b0792 ,0,0.00630327023328
b0793 ,0,0.0158900798426
b0794 ,0,0.00765505202888
b0795 ,0,0.0583597741878
b0796 ,0,0.0726863079919
b0797 ,0,0.0857846813939
b0798 ,1,0.765331116707
b0799 ,0,0.00523201049813
b0800 ,0,0.051136686001
b0801 ,0,0.0236721325702
b0803 ,0,0.780210683346
b0804 ,0,0.0606597916207
b0805 ,0,0.00643984038318
b0806 ,0,0.739625456658
b0807 ,0,0.0511321814053
b0808 ,0,0.00726475662086
b0809 ,0,0.136115902357
b0810 ,1,0.148917242749
b0811 ,0,0.0674147789239
b0812 ,0,0.751677051439
b0813 ,0,0.0603523307169
b0814 ,0,0.858720924367
b0815 ,0,0.00343621224881
b0817 ,1,0.90580818328
b0818 ,0,0.0212671386755
b0819 ,0,0.064410434064
b0820 ,0,0.0237986491835
b0821 ,0,0.0134548349306
b0822 ,0,0.136663881547
b0823 ,0,0.00327192327192
b0824 ,0,0.0346765635678
b0825 ,0,0.0845981726112
b0826 ,0,0.0749482296718
b0827 ,0,0.0171005049639
b0828 ,0,0.094250047538
b0829 ,0,0.0125481141976
b0830 ,0,0.00934315758507
b0831 ,0,0.04676197719
b0832 ,0,0.108428708922
b0833 ,0,0.0117972973544
b0834 ,0,0.0507521004698
b0835 ,1,0.00782893355271
b0836 ,0,0.912726968527
b0837 ,0,0.0218906524914
b0838 ,0,0.286918386564
b0839 ,0,0.0232645630604
b0840 ,0,0.0336612727121
b0841 ,0,0.0649261820529
b0842 ,0,0.00529715356859
b0843 ,0,0.87139385371
b0844 ,0,0.181143698223
b0845 ,0,0.031654044173
b0846 ,1,0.451861881933
b0847 ,0,0.00791896779297
b0848 ,0,0.731202137967
b0850 ,1,0.905945096504
b0851 ,0,0.0494744886627
b0852 ,0,0.0936216058172
b0854 ,0,0.0443412740978
b0855 ,0,0.0239507319762
b0856 ,0,0.0182897053421
b0857 ,0,0.043891192476
b0858 ,0,0.437201931229
b0859 ,0,0.0491955973127
b0860 ,0,0.0768110261936
b0861 ,0,0.0297790869243
b0862 ,0,0.028347729072
b0863 ,0,0.328590679603
b0864 ,0,0.0309354432393
b0865 ,1,0.217485357874
b0866 ,1,0.908809438348
b0867 ,1,0.372976258728
b0868 ,1,0.0176594716863
b0869 ,0,0.013682193674
b0870 ,0,0.0320462532082
b0871 ,0,0.00812817280077
b0872 ,0,0.0325990524833
b0873 ,0,0.0406779430393
b0874 ,0,0.0434530394524
b0875 ,0,0.145269251629
b0876 ,0,0.0120207904741
b0877 ,0,0.0176437505893
b0878 ,0,0.189317409785
b0879 ,0,0.0488244749916
b0881 ,1,0.909993501725
b0882 ,0,0.0231533301994
b0885 ,0,0.0833913665645
b0886 ,1,0.0151776611373
b0887 ,1,0.0058476492866
b0888 ,0,0.0634820009409
b0889 ,0,0.780011040193
b0891 ,0,0.217675333222
b0892 ,0,0.0939243575153
b0893 ,1,0.113352109057
b0894 ,0,0.00531679792436
b0895 ,0,0.137349978545
b0896 ,0,0.0476476454196
b0897 ,1,0.128447511427
b0898 ,0,0.0114280847298
b0899 ,0,0.00546226023774
b0900 ,0,0.0156916244796
b0901 ,0,0.426796602932
b0902 ,0,0.181265745809
b0903 ,0,0.0564874839038
b0904 ,0,0.0158271999231
b0905 ,0,0.00727792046964
b0906 ,0,0.123413326792
b0907 ,0,0.0486848366877
b0908 ,0,0.0264235132684
b0909 ,0,0.118101975432
b0910 ,1,0.342092209629
b0912 ,0,0.910478393237
b0913 ,0,0.0119929973197
b0914 ,1,0.0224061589349
b0915 ,1,0.0208226523111
b0916 ,0,0.0207065070534
b0918 ,1,0.635964980665
b0919 ,0,0.0212082834424
b0920 ,0,0.0263178891037
b0921 ,0,0.243623813689
b0922 ,1,0.0477556288242
b0923 ,1,0.342501344159
b0924 ,1,0.0266616748469
b0925 ,0,0.0108137650913
b0926 ,1,0.910419114258
b0927 ,0,0.242417244642
b0928 ,0,0.0153667124299
b0929 ,0,0.175186172404
b0930 ,1,0.0403297486432
b0931 ,0,0.0170896991428
b0932 ,0,0.0115542471632
b0933 ,0,0.0629621546302
b0934 ,0,0.0165383774787
b0935 ,0,0.0585311537815
b0936 ,0,0.0610108282066
b0937 ,0,0.283252847381
b0938 ,0,0.793795954968
b0939 ,0,0.0245020638636
b0940 ,0,0.00523127258084
b0941 ,0,0.0255574015718
b0942 ,0,0.793414244185
b0943 ,0,0.217577109734
b0944 ,0,0.0893814732336
b0945 ,0,0.0964796906527
b0946 ,0,0.477523939684
b0947 ,0,0.03257651072
b0948 ,0,0.0110972160473
b0949 ,0,0.0123361199239
b0950 ,0,0.00549291011779
b0951 ,0,0.0490148564414
b0952 ,0,0.691828766974
b0954 ,1,0.884732918536
b0955 ,0,0.00731579666691
b0956 ,0,0.841304581274
b0957 ,0,0.319133102602
b0958 ,0,0.587202018383
b0959 ,0,0.120020283883
b0960 ,0,0.00732254069123
b0961 ,0,0.773815048047
b0962 ,0,0.0122286424279
b0963 ,1,0.756474882364
b0964 ,0,0.0599065711722
b0965 ,1,0.838823317213
b0966 ,0,0.763108579618
b0967 ,0,0.0173479479543
b0968 ,0,0.83670174366
b0970 ,0,0.0624294368436
b0972 ,1,0.0618381208535
b0973 ,0,0.00564117451279
b0974 ,1,0.229893416951
b0975 ,1,0.205868216722
b0976 ,0,0.836245278923
b0977 ,0,0.0503842414667
b0978 ,0,0.0101619320482
b0979 ,0,0.0103661839218
b0980 ,0,0.0127374214067
b0981 ,0,0.0154707902456
b0982 ,0,0.606462800392
b0983 ,0,0.029141037904
b0984 ,0,0.00321555952299
b0985 ,0,0.0287338262091
b0986 ,0,0.0289691199119
b0987 ,1,0.715561715996
b0988 ,1,0.491151868713
b0992 ,0,0.0141534183069
b0993 ,0,0.00806376274333
b0994 ,0,0.117109659976
b0995 ,1,0.116090261714
b0996 ,0,0.00528237760194
b0997 ,0,0.00528849767222
b0998 ,1,0.0490704208612
b0999 ,1,0.760214497646
b1000 ,0,0.028483932605
b1001 ,0,0.0260310917246
b1002 ,0,0.0122411359905
b1004 ,0,0.152507207272
b1006 ,0,0.00819709807235
b1007 ,0,0.40323277782
b1008 ,0,0.0610294845936
b1009 ,0,0.0798578650063
b1010 ,1,0.868464075504
b1011 ,1,0.154307081699
b1012 ,0,0.0335160922975
b1013 ,0,0.205893068087
b1014 ,0,0.00728302631113
b1015 ,0,0.00516280538731
b1018 ,0,0.0907519021039
b1019 ,0,0.0265643213622
b1020 ,0,0.0238608311299
b1021 ,0,0.770352952182
b1022 ,0,0.0139172207206
b1023 ,0,0.0139600326417
b1024 ,0,0.0138953843599
b1025 ,0,0.0126033331153
b1026 ,0,0.024092958821
b1027 ,1,0.745945955698
b1028 ,0,0.913942550974
b1029 ,0,0.0114267352433
b1033 ,1,0.0382837066954
b1034 ,1,0.422671901791
b1035 ,0,0.0505062215444
b1036 ,1,0.284916860051
b1037 ,0,0.0594686343563
b1038 ,0,0.740750557846
b1039 ,1,0.764631054972
b1040 ,0,0.0604447612708
b1041 ,0,0.816450939937
b1042 ,0,0.91362647657
b1043 ,0,0.815578344076
b1045 ,0,0.910549011766
b1046 ,0,0.0209386403463
b1047 ,0,0.00709963279466
b1048 ,0,0.0101441172542
b1049 ,0,0.0108954072403
b1051 ,1,0.759156567355
b1053 ,0,0.0167179760091
b1054 ,0,0.0155733446482
b1055 ,0,0.12176437469
b1056 ,0,0.153758530815
b1057 ,0,0.144093669141
b1059 ,0,0.0324840342349
b1060 ,0,0.76236406038
b1061 ,0,0.759205264204
b1062 ,0,0.0332703775443
b1063 ,0,0.232647959979
b1064 ,0,0.146151563701
b1065 ,0,0.00742977007758
b1066 ,0,0.63007515325
b1067 ,0,0.166674172177
b1068 ,0,0.0493422047349
b1069 ,1,0.0194750331242
b1070 ,0,0.771304902765
b1071 ,0,0.744483030857
b1072 ,0,0.145374406427
b1073 ,0,0.911668619514
b1074 ,0,0.912650762924
b1075 ,0,0.0923435163498
b1076 ,0,0.0497455115176
b1077 ,0,0.362681722099
b1078 ,0,0.162998292199
b1079 ,0,0.224162202411
b1080 ,0,0.0946977490843
b1081 ,0,0.0487894854527
b1082 ,0,0.0482833627611
b1084 ,1,0.0161686386564
b1085 ,1,0.693559207346
b1086 ,0,0.0827448711815
b1087 ,0,0.0750398873869
b1088 ,0,0.84142082815
b1090 ,0,0.0259304658324
b1091 ,1,0.047693727538
b1092 ,1,0.0489653412591
b1093 ,1,0.201774475249
b1095 ,0,0.0124037211159
b1096 ,0,0.0498160955553
b1097 ,0,0.0883745542981
b1098 ,1,0.184876183822
b1099 ,1,0.0522342788225
b1100 ,0,0.102473473257
b1101 ,0,0.0562020317397
b1102 ,0,0.00631076682761
b1103 ,0,0.907838512869
b1104 ,0,0.818364693675
b1105 ,0,0.219021941535
b1106 ,0,0.0980143491179
b1107 ,0,0.119570923038
b1108 ,1,0.470027636116
b1109 ,0,0.0496804568578
b1110 ,0,0.789863267723
b1111 ,0,0.0337987564504
b1112 ,0,0.907634254694
b1113 ,0,0.0297362767905
b1114 ,0,0.00738058252217
b1115 ,0,0.00718652348345
b1116 ,1,0.0230273555191
b1117 ,1,0.190479667485
b1118 ,1,0.0246613377326
b1119 ,0,0.0536571758884
b1120 ,0,0.121908333153
b1121 ,0,0.0590430552383
b1122 ,0,0.597497250723
b1123 ,1,0.0118895120505
b1124 ,1,0.0143123650045
b1125 ,0,0.0294842901842
b1126 ,0,0.0289697495543
b1127 ,0,0.0515678264201
b1128 ,1,0.0621966943145
b1129 ,0,0.0143854202812
b1130 ,0,0.0720460577309
b1131 ,0,0.0747781730378
b1132 ,0,0.111357846928
b1133 ,1,0.0318174154457
b1134 ,0,0.642391084614
b1135 ,0,0.297818815957
b1136 ,0,0.11253903591
b1137 ,0,0.204724164402
b1140 ,0,0.0325238438363
b1141 ,0,0.767926353216
b1142 ,0,0.867317313372
b1143 ,1,0.696773237907
b1144 ,1,0.862557637691
b1145 ,1,0.0858946275982
b1146 ,1,0.54062530862
b1147 ,0,0.429539179191
b1148 ,0,0.809990243856
b1149 ,0,0.0116368182702
b1151 ,0,0.72814236508
b1152 ,0,0.222173051314
b1153 ,0,0.257304845585
b1154 ,0,0.115520620874
b1155 ,0,0.703297464848
b1156 ,0,0.0764284271408
b1157 ,0,0.548769100292
b1158 ,0,0.230040724169
b1159 ,0,0.0687106263666
b1160 ,1,0.634584808101
b1161 ,1,0.594725856594
b1162 ,0,0.0305423545905
b1163 ,0,0.017582674814
b1165 ,0,0.905883200963
b1166 ,0,0.91305895751
b1167 ,0,0.913666645288
b1168 ,0,0.0124673678882
b1171 ,0,0.865275346218
b1172 ,0,0.864363019373
b1175 ,1,0.113428805695
b1176 ,0,0.0603253433727
b1177 ,0,0.845086332762
b1178 ,0,0.734297833509
b1180 ,1,0.0907813330629
b1181 ,0,0.731466400623
b1182 ,0,0.0598295219988
b1183 ,0,0.813687785105
b1184 ,0,0.0268098436451
b1185 ,0,0.385063650815
b1186 ,0,0.00738744372122
b1187 ,0,0.0905166329443
b1188 ,0,0.00749807752183
b1189 ,1,0.0474115835503
b1190 ,0,0.00995308770535
b1191 ,0,0.0139399563476
b1192 ,0,0.0328817724768
b1193 ,0,0.205789175702
b1194 ,0,0.0594197801501
b1195 ,0,0.691594468223
b1196 ,0,0.681490958979
b1197 ,0,0.0033746504528
b1198 ,0,0.017150435544
b1199 ,1,0.154032132151
b1200 ,0,0.0322372665335
b1201 ,0,0.0120092524176
b1202 ,0,0.032535055466
b1203 ,1,0.272391187119
b1204 ,1,0.52559036179
b1205 ,1,0.830573868752
b1206 ,0,0.0168529016711
b1207 ,1,0.139201329831
b1208 ,1,0.0309479446709
b1212 ,1,0.0486532149464
b1213 ,1,0.644075201905
b1214 ,0,0.121002519832
b1216 ,0,0.0312725727035
b1218 ,0,0.110939854469
b1219 ,0,0.874437847916
b1220 ,0,0.0215492558859
b1221 ,0,0.134065421373
b1222 ,0,0.00825433877225
b1223 ,0,0.00525900687557
b1224 ,0,0.0134892843596
b1225 ,0,0.0127424975984
b1226 ,0,0.108604117344
b1227 ,0,0.108399811028
b1228 ,1,0.809779133797
b1232 ,1,0.226116860645
b1233 ,0,0.631086683273
b1234 ,0,0.0500200448844
b1235 ,1,0.119823789889
b1236 ,1,0.0227425335019
b1237 ,1,0.87652498126
b1238 ,1,0.433011683179
b1239 ,0,0.0610887751661
b1241 ,0,0.11177693244
b1242 ,0,0.0444686980749
b1243 ,0,0.00982829835266
b1244 ,0,0.0435055895768
b1245 ,1,0.0594032667577
b1246 ,1,0.0436129600523
b1247 ,0,0.0246953676753
b1248 ,0,0.646674462236
b1249 ,0,0.00336842559298
b1250 ,0,0.0319873032719
b1251 ,0,0.868830115108
b1252 ,1,0.217366981567
b1253 ,1,0.764942601919
b1254 ,1,0.536095465117
b1255 ,0,0.0778631161484
b1256 ,0,0.219179261238
b1257 ,0,0.583677044455
b1258 ,0,0.866479982932
b1260 ,0,0.251931933281
b1261 ,0,0.0616007062824
b1262 ,0,0.0180015623015
b1263 ,0,0.0344991781546
b1264 ,0,0.0161298578115
b1266 ,0,0.0493858138999
b1267 ,0,0.568938641695
b1268 ,0,0.0108209017506
b1269 ,1,0.0982324400544
b1270 ,1,0.296565943956
b1271 ,1,0.0318579495969
b1272 ,0,0.0894145302009
b1273 ,0,0.869468546339
b1274 ,1,0.00499795703674
b1275 ,0,0.0433334723677
b1276 ,0,0.0115791743821
b1277 ,1,0.289302143522
b1278 ,0,0.0843853270635
b1279 ,1,0.83709194146
b1280 ,0,0.0496733629704
b1281 ,1,0.166123368276
b1282 ,0,0.909291501139
b1284 ,0,0.0301950313151
b1285 ,0,0.00332530072192
b1286 ,0,0.00648232890914
b1288 ,1,0.544725541835
b1289 ,0,0.769900811882
b1290 ,0,0.0289352772263
b1291 ,0,0.016167232477
b1292 ,0,0.0300228602539
b1293 ,0,0.0125068735021
b1294 ,0,0.0034341742247
b1295 ,0,0.866255605221
b1296 ,0,0.00638990012929
b1297 ,0,0.0334537213897
b1298 ,0,0.123147211038
b1299 ,0,0.364468771077
b1300 ,0,0.00556490383577
b1301 ,0,0.0504047234959
b1302 ,0,0.0454956634591
b1303 ,0,0.0603264723387
b1304 ,0,0.339434695694
b1306 ,1,0.907291391317
b1308 ,1,0.909818809083
b1309 ,0,0.0117035444626
b1310 ,0,0.0491613487459
b1311 ,0,0.0401370414676
b1312 ,0,0.0434480244476
b1313 ,0,0.129679434288
b1315 ,0,0.0497691444018
b1316 ,0,0.012134291983
b1317 ,0,0.208943119129
b1318 ,0,0.0844146673878
b1319 ,0,0.0393935639489
b1320 ,0,0.0287826352457
b1321 ,0,0.021305072981
b1322 ,1,0.0376175056398
b1323 ,0,0.0127324059411
b1324 ,0,0.859537284425
b1325 ,0,0.05194711141
b1326 ,1,0.0304892447201
b1327 ,0,0.0860774003501
b1328 ,0,0.0839686753849
b1329 ,0,0.0100716251667
b1330 ,0,0.0592906177044
b1332 ,1,0.908688774476
b1333 ,0,0.131470329784
b1334 ,0,0.0634087416134
b1336 ,0,0.0322273772624
b1337 ,0,0.017306146891
b1338 ,0,0.0331136891977
b1339 ,0,0.0244883899332
b1340 ,1,0.376115202352
b1341 ,0,0.00840308595126
b1342 ,0,0.0502208276537
b1343 ,0,0.0123663005056
b1344 ,0,0.0327316917771
b1345 ,0,0.00795357168652
b1349 ,0,0.151910923421
b1350 ,0,0.00687681220472
b1351 ,0,0.868885105306
b1353 ,0,0.208094347607
b1356 ,1,0.583166926122
b1357 ,1,0.526659046178
b1358 ,1,0.831947849856
b1359 ,1,0.088720622759
b1360 ,0,0.0235003930703
b1361 ,0,0.221008899932
b1362 ,0,0.906780495093
b1363 ,0,0.00531584879849
b1364 ,0,0.909034831579
b1365 ,0,0.907380421247
b1366 ,0,0.838025947835
b1368 ,0,0.163284189701
b1370 ,1,0.0291481327128
b1371 ,0,0.688218911912
b1372 ,0,0.0264614315152
b1373 ,0,0.114667851031
b1374 ,0,0.0824223826394
b1375 ,0,0.604871000779
b1376 ,0,0.573276234434
b1377 ,0,0.029418101795
b1378 ,0,0.00754420279525
b1379 ,1,0.867095845717
b1380 ,0,0.0629254931894
b1381 ,0,0.0118016221871
b1383 ,0,0.912143960291
b1384 ,0,0.0329787545609
b1385 ,0,0.00523044554549
b1386 ,0,0.0133408938642
b1387 ,0,0.0170810419262
b1388 ,0,0.0562138298357
b1390 ,1,0.184641869629
b1391 ,0,0.506665038876
b1392 ,0,0.0453681747533
b1393 ,0,0.0827626826035
b1394 ,0,0.0554811481217
b1395 ,0,0.0251210818582
b1396 ,0,0.672806124355
b1397 ,0,0.0476175118941
b1398 ,0,0.0265727286757
b1399 ,1,0.0653128472382
b1400 ,1,0.612143061599
b1406 ,0,0.088710801352
b1407 ,0,0.0115176086644
b1408 ,0,0.119740720154
b1410 ,0,0.0212080951682
b1411 ,0,0.0119300198586
b1412 ,1,0.686181814671
b1413 ,0,0.0108271937959
b1414 ,0,0.221167205813
b1415 ,0,0.0452971802454
b1418 ,0,0.218803478548
b1421 ,1,0.0432046915768
b1422 ,0,0.00816923740127
b1423 ,0,0.0498963803984
b1424 ,0,0.00537286377132
b1427 ,1,0.83651493928
b1428 ,0,0.0867064814357
b1429 ,0,0.0205508777872
b1430 ,0,0.397511101017
b1431 ,0,0.219482140305
b1432 ,0,0.027239628736
b1433 ,0,0.00736078997901
b1434 ,1,0.455025844887
b1435 ,0,0.0263699989696
b1438 ,1,0.912506853634
b1439 ,0,0.00495478468481
b1440 ,0,0.0214099621893
b1441 ,1,0.0439618875344
b1442 ,1,0.043290467174
b1443 ,1,0.0888231212894
b1444 ,0,0.0124728557211
b1447 ,1,0.324970379753
b1448 ,1,0.758904644251
b1449 ,0,0.0506979506868
b1450 ,0,0.386917768692
b1451 ,0,0.00630865781568
b1452 ,1,0.046514983074
b1453 ,0,0.00318187688553
b1454 ,0,0.109599932771
b1456 ,0,0.0115603244553
b1458 ,0,0.257605823425
b1460 ,0,0.0122551151942
b1462 ,0,0.153874068073
b1463 ,1,0.10885546326
b1464 ,1,0.0584379714869
b1465 ,0,0.0288929003773
b1466 ,0,0.041120940455
b1467 ,0,0.00341263840352
b1468 ,0,0.00345189172683
b1469 ,0,0.00357065999367
b1470 ,0,0.865305219705
b1471 ,1,0.0317551539401
b1472 ,1,0.860094500523
b1473 ,0,0.0139078629514
b1475 ,0,0.0646729051706
b1476 ,0,0.447032299244
b1477 ,1,0.583286806264
b1478 ,0,0.0155423696133
b1479 ,0,0.0176306003518
b1481 ,0,0.867376299768
b1482 ,0,0.792880244553
b1483 ,0,0.0153341941239
b1484 ,0,0.0156353352336
b1485 ,1,0.0285306713798
b1486 ,0,0.0123713577073
b1487 ,0,0.00610012608072
b1488 ,0,0.201151483825
b1489 ,0,0.00341968049906
b1490 ,0,0.0148716180689
b1491 ,0,0.0127499098592
b1492 ,0,0.032258839036
b1493 ,0,0.0159637022492
b1494 ,0,0.0136727197096
b1495 ,0,0.0135684022073
b1496 ,0,0.00714564448917
b1497 ,0,0.00778464149644
b1498 ,0,0.0148832113394
b1499 ,0,0.0300898944649
b1501 ,0,0.00830351754225
b1502 ,0,0.00785343959075
b1503 ,0,0.369757429057
b1504 ,0,0.33504869163
b1505 ,0,0.0324543712661
b1507 ,0,0.0312195474489
b1509 ,0,0.0135371262394
b1510 ,0,0.0142372931753
b1511 ,0,0.0033020765182
b1512 ,0,0.0337167154541
b1513 ,0,0.012182420318
b1514 ,0,0.0230313666504
b1515 ,0,0.0274238432853
b1516 ,0,0.089682340136
b1517 ,0,0.126749844307
b1518 ,0,0.916477921216
b1519 ,0,0.100637886387
b1520 ,0,0.0335716031864
b1521 ,0,0.0156999717839
b1522 ,0,0.0170037496525
b1523 ,1,0.636540697065
b1524 ,0,0.0206552831069
b1525 ,0,0.0154103233422
b1526 ,0,0.0885906868022
b1527 ,0,0.0260642743497
b1528 ,0,0.00989834199109
b1529 ,0,0.0725631762366
b1530 ,0,0.661046501249
b1531 ,1,0.688779234886
b1533 ,0,0.0607237491677
b1534 ,1,0.0103687033989
b1535 ,0,0.0331646523815
b1536 ,0,0.867199183779
b1538 ,0,0.00664986726687
b1539 ,0,0.16255924205
b1540 ,0,0.201638739632
b1542 ,0,0.0126979906733
b1543 ,0,0.0126288671579
b1544 ,0,0.604312969638
b1545 ,0,0.0808052299544
b1546 ,0,0.11508811824
b1549 ,0,0.610576755944
b1554 ,0,0.731681382656
b1555 ,1,0.906533035365
b1556 ,1,0.837315627869
b1559 ,0,0.0510433480706
b1560 ,0,0.0274214215094
b1563 ,1,0.906822571949
b1565 ,1,0.727278507486
b1566 ,0,0.713264612591
b1568 ,0,0.832527235467
b1570 ,1,0.760843796933
b1577 ,0,0.0868938893688
b1578 ,1,0.19864467658
b1579 ,0,0.00783306759132
b1580 ,0,0.024136694575
b1581 ,0,0.00998285994426
b1582 ,1,0.728412470039
b1583 ,0,0.762630955627
b1584 ,0,0.686877621072
b1585 ,0,0.0946309345961
b1586 ,1,0.581709768714
b1587 ,0,0.00337296278788
b1588 ,0,0.00346650703981
b1589 ,1,0.207441841157
b1590 ,0,0.0164370010706
b1591 ,0,0.0641779463519
b1592 ,0,0.0169583497212
b1593 ,0,0.0434307514495
b1594 ,0,0.012358279985
b1595 ,0,0.04434508375
b1596 ,0,0.0140259176154
b1597 ,0,0.721023291934
b1598 ,0,0.0327391121991
b1599 ,1,0.832391370898
b1600 ,0,0.840036471324
b1601 ,0,0.0279251493852
b1602 ,0,0.0466626558681
b1603 ,0,0.0265147872602
b1604 ,0,0.313056803867
b1605 ,0,0.0033181026475
b1606 ,0,0.145446215601
b1607 ,0,0.834291985258
b1608 ,0,0.0642644601874
b1609 ,1,0.00775970119938
b1610 ,1,0.0596303138882
b1611 ,0,0.0127755051521
b1612 ,0,0.0121559538371
b1613 ,0,0.0318115308154
b1614 ,1,0.014790782876
b1615 ,0,0.0207410955065
b1616 ,0,0.00496473527342
b1617 ,0,0.0115811965359
b1618 ,1,0.590178713507
b1619 ,0,0.269196234012
b1620 ,0,0.0487211311751
b1621 ,0,0.00833300116279
b1622 ,0,0.00724688169165
b1623 ,0,0.0332237237093
b1624 ,0,0.0224401585927
b1626 ,0,0.306402811464
b1627 ,0,0.129332007739
b1629 ,0,0.0169767724764
b1630 ,0,0.0259985272214
b1631 ,0,0.298777554805
b1632 ,0,0.0607121725833
b1633 ,0,0.0728358942677
b1634 ,1,0.015112289181
b1635 ,0,0.281887566627
b1636 ,0,0.0235289037893
b1637 ,1,0.114018784463
b1638 ,0,0.206877582747
b1640 ,0,0.0498082148177
b1641 ,0,0.742015167779
b1642 ,0,0.644024902268
b1644 ,0,0.0152446870184
b1645 ,0,0.0073196781153
b1646 ,0,0.809849314544
b1647 ,0,0.0897353489291
b1648 ,1,0.532834821662
b1649 ,0,0.153602541025
b1650 ,0,0.0318786493813
b1652 ,1,0.179007166731
b1653 ,0,0.00732496303473
b1654 ,1,0.972556210083
b1655 ,0,0.0222035119689
b1656 ,0,0.170785046952
b1657 ,0,0.0233366257716
b1658 ,0,0.0153547040083
b1659 ,0,0.00984992781578
b1660 ,0,0.00320734032161
b1661 ,0,0.0187413586167
b1662 ,1,0.390348573923
b1663 ,0,0.0323129171239
b1664 ,0,0.0268999189828
b1667 ,1,0.770221350285
b1668 ,0,0.0178037546787
b1669 ,0,0.170027969548
b1670 ,0,0.10908650274
b1671 ,1,0.14822377819
b1673 ,0,0.0118859405721
b1674 ,0,0.128445009546
b1676 ,0,0.105133942328
b1678 ,0,0.0448089742339
b1679 ,0,0.840721363491
b1680 ,0,0.0241057021129
b1681 ,0,0.0493621221302
b1682 ,0,0.343080909206
b1683 ,0,0.011483408126
b1684 ,1,0.820565678857
b1686 ,1,0.55060022076
b1687 ,0,0.0114697573777
b1688 ,0,0.026483354352
b1689 ,0,0.628249458102
b1690 ,0,0.00774376274256
b1691 ,0,0.00838639002711
b1692 ,0,0.0719173179431
b1693 ,0,0.113129809668
b1694 ,0,0.0328108334293
b1695 ,1,0.0153914839679
b1696 ,0,0.0273712962997
b1697 ,0,0.0734030635407
b1698 ,1,0.0383446255906
b1699 ,0,0.00799815955964
b1700 ,1,0.616070186605
b1701 ,0,0.00799032221548
b1703 ,0,0.111012447543
b1704 ,1,0.0152492662202
b1706 ,0,0.0217356702973
b1707 ,0,0.0501729743328
b1708 ,0,0.509843009823
b1709 ,0,0.0439615509594
b1710 ,1,0.651427209377
b1711 ,0,0.0254894245931
b1716 ,1,0.985703320503
b1718 ,1,0.905811271002
b1719 ,1,0.0105624767859
b1722 ,1,0.123201141096
b1723 ,0,0.0159072069113
b1724 ,1,0.559116495152
b1726 ,0,0.83306455896
b1727 ,0,0.142412834956
b1728 ,0,0.0338164049921
b1729 ,0,0.0151181471475
b1730 ,0,0.128731122282
b1731 ,0,0.8380818833
b1732 ,0,0.0138614738222
b1733 ,0,0.0903887794006
b1734 ,0,0.0237947265656
b1735 ,0,0.162418218261
b1736 ,1,0.904910668439
b1737 ,0,0.0209311425009
b1738 ,1,0.907763273108
b1740 ,1,0.0584792028336
b1741 ,1,0.079402717948
b1742 ,1,0.391315960071
b1743 ,0,0.958760653223
b1745 ,1,0.047864303601
b1746 ,0,0.0052367045834
b1747 ,1,0.0485082260686
b1748 ,0,0.0224123043978
b1749 ,0,0.143819985246
b1750 ,0,0.059873027646
b1751 ,0,0.0332220264807
b1752 ,0,0.05914988406
b1753 ,1,0.209684185684
b1754 ,0,0.0247928534654
b1755 ,0,0.0072883470079
b1756 ,1,0.14333541889
b1757 ,0,0.0134745225854
b1758 ,0,0.379504219801
b1759 ,0,0.768705684692
b1760 ,0,0.840942619989
b1761 ,0,0.0169523428095
b1762 ,0,0.0274927884925
b1763 ,0,0.0121027537812
b1764 ,1,0.0929262337147
b1765 ,1,0.835277981228
b1766 ,0,0.0135465641506
b1767 ,0,0.113722843474
b1768 ,0,0.204163099825
b1769 ,0,0.00995431709852
b1770 ,0,0.0434293613098
b1772 ,0,0.0906492854868
b1773 ,0,0.113186649084
b1774 ,0,0.120863000751
b1775 ,0,0.00512958111774
b1779 ,1,0.367727186817
b1780 ,0,0.0331187419767
b1781 ,0,0.107387748443
b1782 ,0,0.0451964495632
b1783 ,0,0.0175230279961
b1784 ,0,0.0324421742637
b1785 ,0,0.00809412823059
b1786 ,0,0.0174801965226
b1787 ,0,0.86463315164
b1789 ,0,0.330778982242
b1790 ,0,0.0505507943478
b1791 ,1,0.0174667248202
b1792 ,1,0.756485221179
b1794 ,0,0.0171409963185
b1795 ,0,0.836591949907
b1804 ,0,0.0204515217397
b1805 ,0,0.012397728568
b1806 ,0,0.231913786867
b1807 ,1,0.183566610639
b1808 ,0,0.0125278305153
b1809 ,1,0.764882144776
b1810 ,0,0.770469633738
b1812 ,0,0.00839858718825
b1814 ,0,0.00807712749493
b1815 ,0,0.00767081815866
b1816 ,0,0.022392027494
b1817 ,0,0.128118080979
b1818 ,0,0.269008319945
b1819 ,0,0.0654252992813
b1820 ,0,0.541280518945
b1821 ,0,0.130514216867
b1825 ,0,0.909875137465
b1827 ,0,0.0852131504776
b1828 ,0,0.00816708056218
b1829 ,0,0.0489848407231
b1830 ,0,0.0489901494311
b1832 ,0,0.838709534383
b1833 ,0,0.00344748045698
b1834 ,0,0.0138404015767
b1835 ,0,0.00745154880375
b1837 ,0,0.636682172991
b1838 ,0,0.0568480509644
b1839 ,1,0.90885151235
b1840 ,0,0.0857151445001
b1841 ,0,0.661985938142
b1843 ,0,0.0816011477348
b1844 ,0,0.154416034895
b1845 ,0,0.0117325743764
b1846 ,1,0.205033543369
b1847 ,0,0.83572517501
b1848 ,1,0.834014671189
b1849 ,0,0.0324856622839
b1850 ,0,0.61879378502
b1851 ,0,0.0127420317507
b1852 ,1,0.0106627652194
b1853 ,0,0.0614679689304
b1854 ,0,0.0163262465596
b1855 ,0,0.218351523189
b1856 ,0,0.049619181042
b1857 ,0,0.0925793784057
b1858 ,0,0.0305127283489
b1859 ,0,0.0601741836037
b1860 ,0,0.163157317878
b1861 ,0,0.54603376375
b1862 ,0,0.0872944328003
b1863 ,1,0.907110542643
b1864 ,1,0.470343226503
b1865 ,1,0.82709304703
b1866 ,1,0.274632027062
b1867 ,0,0.32568510315
b1868 ,0,0.129693096217
b1869 ,0,0.772667089743
b1870 ,0,0.0818972795251
b1871 ,1,0.024534631893
b1872 ,0,0.00516803230734
b1873 ,0,0.01246898141
b1874 ,1,0.906177320966
b1875 ,0,0.209412453839
b1876 ,1,0.0747287016968
b1877 ,0,0.426339397828
b1878 ,0,0.685710887114
b1879 ,0,0.0223467563421
b1880 ,0,0.119815256371
b1881 ,0,0.204510144337
b1882 ,0,0.908998511159
b1884 ,1,0.0887116925475
b1885 ,0,0.0228998288512
b1886 ,0,0.0229709274998
b1887 ,1,0.795965114832
b1888 ,0,0.0899294435301
b1889 ,0,0.0587356001294
b1890 ,1,0.158878286962
b1891 ,0,0.120876687434
b1892 ,0,0.909731083321
b1895 ,1,0.559451201558
b1896 ,0,0.0395241530774
b1897 ,0,0.0903529972554
b1900 ,1,0.0225944785677
b1901 ,1,0.192173998182
b1902 ,0,0.316041967544
b1903 ,0,0.86633154102
b1904 ,0,0.776416368484
b1905 ,0,0.406681113383
b1907 ,0,0.0149898649977
b1908 ,0,0.122708270326
b1912 ,1,0.418429079263
b1913 ,0,0.0270190329105
b1914 ,0,0.403715206981
b1916 ,0,0.207276087006
b1917 ,0,0.0839176149875
b1918 ,0,0.0443954142143
b1921 ,0,0.049810430108
b1922 ,0,0.210442562429
b1923 ,0,0.0921940438925
b1924 ,0,0.0322787724021
b1925 ,0,0.738536473115
b1926 ,0,0.764697411839
b1927 ,0,0.0136369298626
b1928 ,0,0.835891984701
b1929 ,1,0.0132969943807
b1932 ,0,0.377192233096
b1935 ,0,0.690676510334
b1936 ,0,0.86247324092
b1938 ,0,0.0316034065445
b1939 ,0,0.112940934747
b1940 ,0,0.14558361485
b1941 ,0,0.0156669069851
b1942 ,1,0.765459330082
b1943 ,0,0.0645312339378
b1944 ,1,0.348321714572
b1945 ,0,0.0582560546892
b1946 ,1,0.866464061557
b1947 ,0,0.864156508197
b1948 ,0,0.0602346265402
b1949 ,0,0.863956352797
b1950 ,0,0.0598483844846
b1951 ,0,0.266432351254
b1955 ,0,0.0264171949373
b1956 ,0,0.0102629430634
b1958 ,0,0.20645601468
b1959 ,0,0.144382770624
b1960 ,0,0.725898528971
b1961 ,1,0.0504994372149
b1962 ,0,0.377642784554
b1967 ,0,0.0589405807645
b1968 ,0,0.0121463925267
b1969 ,0,0.0443774294453
b1970 ,0,0.770437881632
b1971 ,0,0.0596797474204
b1972 ,0,0.127075069067
b1973 ,0,0.327038984349
b1974 ,0,0.0288562468357
b1976 ,1,0.0339950818797
b1978 ,0,0.00739957607837
b1981 ,0,0.00332605550424
b1982 ,0,0.0177371149453
b1983 ,0,0.284724022982
b1988 ,0,0.0494088845948
b1990 ,0,0.044123301248
b1991 ,0,0.0943346618085
b1992 ,0,0.0501142107667
b1993 ,0,0.833417377207
b1994 ,0,0.0439695501898
b1999 ,0,0.0155322921621
b2000 ,0,0.0065740373431
b2001 ,0,0.00732106458465
b2002 ,0,0.754685216329
b2004 ,0,0.445458672263
b2005 ,1,0.750222531734
b2007 ,0,0.912843600828
b2008 ,0,0.020899489328
b2009 ,1,0.831728536832
b2010 ,0,0.0233240424423
b2011 ,0,0.0137517011741
b2013 ,0,0.0209891275606
b2016 ,0,0.0890479119122
b2020 ,0,0.0173373051482
b2021 ,0,0.0333344004085
b2022 ,0,0.0335208295675
b2023 ,0,0.365425820621
b2024 ,0,0.146785830182
b2025 ,0,0.203022661044
b2026 ,0,0.0601839988038
b2027 ,0,0.0888714313361
b2028 ,0,0.0909228068896
b2029 ,0,0.107957980009
b2031 ,0,0.910595637301
b2032 ,0,0.0258199575611
b2033 ,0,0.427946059832
b2034 ,0,0.0268851639866
b2035 ,0,0.0267243340459
b2037 ,0,0.0258891137355
b2038 ,0,0.425972149328
b2039 ,0,0.0426901566724
b2040 ,0,0.186296009674
b2041 ,0,0.022988911754
b2042 ,1,0.108219070262
b2043 ,0,0.0263279180508
b2044 ,0,0.0908158104091
b2045 ,0,0.0282842590042
b2046 ,0,0.0265009020697
b2047 ,0,0.0109762395732
b2048 ,0,0.0236280477419
b2049 ,0,0.0264804143315
b2050 ,0,0.0497218155199
b2051 ,0,0.832801021062
b2052 ,0,0.0900760702789
b2053 ,0,0.110723047256
b2054 ,0,0.458568255901
b2055 ,0,0.204802636057
b2056 ,0,0.0467156427341
b2057 ,0,0.0505177447572
b2058 ,0,0.730287311254
b2059 ,0,0.0495177229866
b2060 ,0,0.0234182067548
b2061 ,1,0.545807681405
b2062 ,0,0.0234847739981
b2063 ,0,0.0149866997161
b2064 ,0,0.0215868032878
b2065 ,0,0.206789473241
b2066 ,0,0.339391696577
b2067 ,0,0.00729423531924
b2068 ,0,0.0508695740339
b2069 ,0,0.0175179162301
b2070 ,0,0.0256374086424
b2071 ,0,0.5501361521
b2072 ,0,0.0918638789478
b2073 ,1,0.218114666317
b2074 ,0,0.015482872348
b2075 ,0,0.015269810609
b2076 ,0,0.00861124810306
b2077 ,0,0.0157076501101
b2078 ,0,0.0152492875572
b2079 ,0,0.0157953838352
b2080 ,1,0.726481704608
b2081 ,0,0.0334269085645
b2084 ,0,0.729426554271
b2085 ,0,0.848165214062
b2086 ,0,0.0329253307098
b2088 ,0,0.761533787617
b2089 ,0,0.024710126769
b2091 ,1,0.0122224993871
b2092 ,0,0.018897571355
b2093 ,0,0.845192316771
b2094 ,0,0.910719477905
b2095 ,0,0.012528882681
b2096 ,0,0.0461649148582
b2097 ,0,0.0516230942061
b2098 ,0,0.00328480203654
b2099 ,0,0.0333349715326
b2100 ,0,0.0354002459476
b2101 ,0,0.425336120434
b2102 ,0,0.218459228054
b2103 ,0,0.0909502268681
b2104 ,0,0.0500580960994
b2105 ,1,0.912767469883
b2106 ,0,0.0260310941376
b2107 ,0,0.348806314012
b2108 ,0,0.0261629013454
b2109 ,0,0.00506274861077
b2110 ,1,0.254283991953
b2111 ,1,0.457139105729
b2112 ,0,0.908517781569
b2113 ,0,0.0896637458354
b2114 ,1,0.0166180156508
b2118 ,0,0.00711213833151
b2119 ,0,0.061098722495
b2120 ,0,0.00747416723364
b2121 ,0,0.0160714977506
b2122 ,0,0.0075019307648
b2123 ,0,0.739514879152
b2124 ,0,0.908058441522
b2125 ,0,0.196561618371
b2126 ,0,0.0126337080183
b2127 ,0,0.0149245831205
b2128 ,0,0.0910136517795
b2129 ,0,0.0427081388217
b2130 ,0,0.0214627321467
b2131 ,0,0.0909051267058
b2132 ,0,0.0494870193443
b2133 ,0,0.0168014247343
b2134 ,0,0.04684439837
b2135 ,0,0.206931751906
b2136 ,0,0.284206156365
b2137 ,0,0.0439995990897
b2139 ,0,0.908190328766
b2140 ,0,0.0598539528639
b2142 ,0,0.032659740772
b2143 ,0,0.0326231224272
b2144 ,0,0.155824814838
b2146 ,0,0.0309000569568
b2147 ,0,0.0169237294131
b2149 ,0,0.022954689795
b2150 ,1,0.194135299921
b2151 ,0,0.0243534109928
b2152 ,0,0.0215566244908
b2153 ,1,0.161825275908
b2154 ,0,0.0154002225221
b2155 ,0,0.00578312206306
b2156 ,0,0.0228891468833
b2157 ,0,0.202773404784
b2158 ,0,0.0322867817401
b2159 ,0,0.0326747366193
b2160 ,0,0.00820403217545
b2161 ,1,0.0230117149469
b2162 ,0,0.0530521700926
b2163 ,1,0.0803240921038
b2164 ,1,0.0227642870478
b2166 ,0,0.0313543682272
b2167 ,0,0.0292274886026
b2168 ,0,0.0511632175744
b2169 ,0,0.0909279832507
b2170 ,0,0.00796511663463
b2171 ,0,0.0607689646787
b2172 ,0,0.00349090679935
b2173 ,0,0.0321880292068
b2174 ,0,0.14616771151
b2175 ,0,0.102256979714
b2176 ,0,0.00337319242053
b2177 ,0,0.0139173708599
b2178 ,0,0.0149369730184
b2179 ,1,0.00602223350685
b2180 ,0,0.0160693163052
b2181 ,0,0.539987228963
b2182 ,0,0.00524273237987
b2183 ,0,0.186855456422
b2184 ,0,0.0325457735681
b2185 ,1,0.977226367184
b2186 ,0,0.0889344100395
b2188 ,0,0.0137206773612
b2190 ,0,0.0097038892361
b2192 ,0,0.0436862361078
b2193 ,0,0.136586290598
b2194 ,0,0.0896962550469
b2195 ,0,0.376453833779
b2196 ,0,0.00538909505121
b2197 ,1,0.909120967855
b2199 ,0,0.095339587297
b2200 ,0,0.37712976955
b2201 ,0,0.187239635736
b2202 ,0,0.475313785175
b2203 ,0,0.547362881899
b2204 ,0,0.0217566471547
b2205 ,0,0.213212444406
b2206 ,0,0.0127485952815
b2207 ,0,0.907003236228
b2208 ,0,0.541665156682
b2209 ,0,0.76268696785
b2210 ,0,0.0209451909582
b2211 ,0,0.0205050319111
b2212 ,0,0.241977547606
b2213 ,0,0.0499395060819
b2214 ,0,0.0483984018923
b2215 ,0,0.251678810455
b2216 ,0,0.00696316721656
b2217 ,0,0.251900329255
b2218 ,0,0.00526170860976
b2219 ,0,0.0149833803789
b2220 ,0,0.00814038318605
b2221 ,0,0.23187318803
b2222 ,0,0.0732573033869
b2223 ,0,0.0137339174838
b2224 ,0,0.0154702537054
b2225 ,0,0.125750300437
b2226 ,0,0.010660628496
b2229 ,0,0.120646442916
b2230 ,0,0.021432806509
b2231 ,1,0.0283745804971
b2232 ,1,0.276571103239
b2233 ,0,0.011530064215
b2234 ,1,0.0187228187681
b2235 ,1,0.0417642605801
b2236 ,0,0.778911479548
b2237 ,0,0.637512170539
b2239 ,0,0.0900230150115
b2240 ,0,0.0100724280483
b2241 ,0,0.018168342908
b2242 ,0,0.00746847800694
b2243 ,0,0.0321067300392
b2244 ,1,0.0150092538154
b2245 ,0,0.107462440773
b2246 ,1,0.03750978716
b2247 ,0,0.0267589796138
b2248 ,0,0.0231029894711
b2249 ,0,0.0257160259094
b2250 ,0,0.425314105609
b2251 ,0,0.770541386604
b2254 ,0,0.0155750158497
b2255 ,0,0.00728634173389
b2256 ,0,0.0136268614062
b2257 ,0,0.00684717994467
b2258 ,0,0.0329686857152
b2259 ,0,0.723225355148
b2260 ,1,0.0110027510855
b2265 ,0,0.0102604868632
b2266 ,0,0.908408422096
b2267 ,1,0.833085737666
b2268 ,0,0.0324677767232
b2269 ,0,0.0166931006254
b2270 ,0,0.049713462802
b2271 ,0,0.0327584669697
b2272 ,0,0.333748303874
b2274 ,0,0.630868839997
b2275 ,0,0.0328677056519
b2276 ,0,0.114281608457
b2277 ,0,0.00992304784165
b2278 ,0,0.0251401030135
b2280 ,0,0.378033368511
b2281 ,0,0.732192381665
b2282 ,0,0.0393035916774
b2283 ,0,0.0259716027581
b2284 ,0,0.0217659464427
b2286 ,0,0.0124584241172
b2287 ,0,0.477474625943
b2288 ,0,0.687556061704
b2289 ,0,0.0268760964859
b2291 ,0,0.249855992599
b2292 ,0,0.0270498834621
b2293 ,0,0.379082815005
b2294 ,0,0.837295378248
b2295 ,0,0.836291577667
b2296 ,1,0.0966585994595
b2297 ,0,0.0566083033973
b2298 ,0,0.0138670261949
b2299 ,0,0.728768022555
b2300 ,0,0.377389838099
b2301 ,0,0.2082871298
b2302 ,0,0.281995457783
b2303 ,0,0.765540489129
b2304 ,1,0.0310875092718
b2305 ,0,0.0438086216234
b2306 ,0,0.195079117715
b2307 ,0,0.0910613536835
b2308 ,0,0.043692646513
b2309 ,0,0.0834108146194
b2310 ,0,0.0231226597354
b2311 ,1,0.164371556488
b2312 ,0,0.0536729451985
b2313 ,1,0.682374405364
b2314 ,0,0.775927465336
b2317 ,0,0.378621459655
b2318 ,0,0.392948536919
b2320 ,0,0.0491658703291
b2321 ,0,0.0317060430431
b2322 ,0,0.00968607625162
b2323 ,1,0.0763039474934
b2324 ,0,0.00708761281119
b2325 ,0,0.911225104971
b2326 ,0,0.7278347826
b2327 ,0,0.121596768672
b2328 ,0,0.0508576293554
b2329 ,0,0.0497817119583
b2330 ,0,0.0275985218415
b2331 ,0,0.532755750783
b2332 ,0,0.0718928173184
b2333 ,0,0.626935910205
b2334 ,0,0.657472530664
b2335 ,0,0.705029849708
b2336 ,0,0.0242464729771
b2337 ,0,0.0503898063818
b2339 ,0,0.577425090209
b2341 ,0,0.012080541794
b2342 ,0,0.0229054825753
b2343 ,0,0.931257953246
b2344 ,0,0.0128051446447
b2345 ,0,0.0858248245716
b2346 ,0,0.0888542395858
b2347 ,0,0.0596179251114
b2352 ,0,0.0347962434469
b2353 ,0,0.557885433352
b2354 ,0,0.702002564202
b2359 ,0,0.864227903741
b2360 ,0,0.059831593863
b2361 ,0,0.535938945352
b2364 ,0,0.0131414168013
b2365 ,0,0.00776977351932
b2369 ,0,0.489664329135
b2370 ,0,0.00334652133922
b2373 ,0,0.0124395304682
b2374 ,0,0.0237596056593
b2375 ,1,0.633531324289
b2376 ,0,0.870377826924
b2378 ,0,0.00657513249843
b2379 ,0,0.0243731700715
b2380 ,0,0.00824063135897
b2381 ,0,0.029171786824
b2382 ,0,0.0394110148773
b2383 ,0,0.0126471118256
b2384 ,0,0.0230929304336
b2385 ,0,0.0441279718125
b2386 ,0,0.0101797583285
b2387 ,1,0.957659389613
b2388 ,0,0.047453538493
b2389 ,0,0.0319888677205
b2392 ,0,0.0480630286866
b2393 ,0,0.0874876659364
b2394 ,0,0.0155240963053
b2395 ,0,0.00549597090921
b2398 ,0,0.764943091915
b2399 ,0,0.768284349971
b2400 ,1,0.112495098795
b2405 ,0,0.0439039007679
b2406 ,0,0.00517982170841
b2407 ,0,0.09647658367
b2408 ,0,0.0701774627108
b2409 ,0,0.108032563738
b2410 ,0,0.00714885600843
b2411 ,1,0.024774295449
b2412 ,1,0.599683435397
b2413 ,0,0.0251768580638
b2414 ,0,0.0282710952717
b2415 ,0,0.97878839211
b2416 ,0,0.00807155918058
b2417 ,0,0.979085298876
b2418 ,0,0.0441862381995
b2419 ,0,0.870640003935
b2420 ,0,0.200039336022
b2421 ,0,0.0436738907275
b2422 ,0,0.0430080634103
b2423 ,1,0.829770583373
b2424 ,0,0.0428738268437
b2425 ,0,0.101004182228
b2426 ,0,0.0234720114658
b2427 ,0,0.045031062158
b2428 ,0,0.0623512563981
b2429 ,0,0.0158728660431
b2430 ,0,0.0134954414597
b2431 ,0,0.0504125583657
b2432 ,0,0.279292381555
b2433 ,0,0.640833990914
b2434 ,0,0.84111704292
b2435 ,0,0.0635733013707
b2436 ,0,0.201109739895
b2437 ,0,0.0223488078832
b2438 ,0,0.650486192533
b2439 ,1,0.356268780411
b2440 ,0,0.0500261841305
b2441 ,0,0.0262712511922
b2442 ,0,0.00636960099841
b2443 ,0,0.184181738358
b2444 ,1,0.770018031784
b2445 ,0,0.777816876769
b2446 ,1,0.764645375989
b2447 ,0,0.295629726215
b2448 ,0,0.864507928837
b2450 ,1,0.364280375696
b2451 ,0,0.0253847149458
b2452 ,0,0.0501434029666
b2453 ,0,0.0128075074152
b2454 ,0,0.0496618174615
b2455 ,0,0.0506594222349
b2456 ,1,0.907255172729
b2457 ,0,0.959818200862
b2458 ,0,0.121796274886
b2459 ,0,0.0505040639765
b2460 ,0,0.407624554634
b2461 ,0,0.788898169994
b2462 ,0,0.907340667349
b2463 ,0,0.0242935898626
b2464 ,0,0.015711928243
b2465 ,0,0.00353067061034
b2466 ,0,0.0212783607707
b2467 ,0,0.569628513604
b2468 ,0,0.0123453417986
b2469 ,0,0.00810109118421
b2470 ,0,0.00327249582601
b2471 ,1,0.761607026276
b2472 ,1,0.0324167470111
b2473 ,0,0.431629783784
b2474 ,0,0.0113236379472
b2475 ,0,0.129857730897
b2476 ,0,0.596168301028
b2477 ,0,0.0497450888571
b2478 ,1,0.0437904116339
b2479 ,1,0.0318021447519
b2480 ,0,0.764935944568
b2481 ,0,0.103789125833
b2482 ,0,0.00348759789398
b2483 ,0,0.0146946601292
b2484 ,0,0.00328629955639
b2485 ,0,0.0817203688953
b2486 ,0,0.00804103055627
b2487 ,0,0.00848913326745
b2489 ,0,0.0434358096396
b2490 ,0,0.403571143069
b2491 ,0,0.00813340673061
b2492 ,0,0.00816244939026
b2493 ,0,0.0949609418804
b2495 ,0,0.868612947329
b2496 ,1,0.120489284928
b2497 ,0,0.0122593552264
b2498 ,0,0.348364715685
b2499 ,0,0.0320745981126
b2500 ,0,0.322545772684
b2501 ,0,0.0328425037364
b2502 ,0,0.00841757481725
b2503 ,0,0.00542135107597
b2507 ,0,0.166159332754
b2508 ,0,0.282771390897
b2509 ,0,0.0319926490752
b2510 ,0,0.842255297899
b2511 ,1,0.0477388782491
b2512 ,0,0.0205929173412
b2513 ,0,0.426562508632
b2514 ,1,0.0494381657564
b2515 ,1,0.0949386288511
b2516 ,0,0.089740767072
b2517 ,0,0.11509265999
b2518 ,1,0.985743706324
b2519 ,0,0.00531075915408
b2520 ,0,0.021156434532
b2521 ,0,0.0609532747756
b2522 ,0,0.0894235504419
b2523 ,0,0.00522872949036
b2525 ,1,0.841430119804
b2526 ,1,0.0433840884463
b2527 ,1,0.644469528095
b2529 ,1,0.985723434493
b2530 ,1,0.260679276741
b2531 ,0,0.819061092536
b2532 ,0,0.0886401689019
b2533 ,1,0.743892202011
b2534 ,0,0.0809091487899
b2535 ,0,0.0171176012715
b2536 ,0,0.0114153223329
b2538 ,0,0.00757689287569
b2539 ,1,0.553832630515
b2540 ,1,0.778686978096
b2541 ,0,0.032683152108
b2542 ,0,0.0139943429638
b2543 ,0,0.763308924177
b2544 ,0,0.0230947488065
b2545 ,0,0.023806025292
b2546 ,0,0.0237288528538
b2547 ,0,0.0131879386997
b2548 ,0,0.0937212922789
b2549 ,0,0.0117109567475
b2550 ,0,0.00720526257064
b2551 ,1,0.410010165572
b2552 ,0,0.0594970155904
b2553 ,0,0.825436448842
b2554 ,0,0.0233838846502
b2556 ,0,0.0274462705972
b2557 ,0,0.011600930756
b2558 ,0,0.0327848807722
b2559 ,1,0.828919924796
b2560 ,0,0.383151254871
b2562 ,0,0.778070892928
b2563 ,1,0.838400443818
b2564 ,1,0.404386235044
b2565 ,0,0.0897326681476
b2566 ,1,0.0856125243855
b2567 ,1,0.337465109676
b2568 ,1,0.0904265805235
b2569 ,0,0.0298084065032
b2570 ,0,0.540178173118
b2571 ,0,0.0501652472963
b2572 ,0,0.217907689664
b2574 ,0,0.00808810456382
b2575 ,0,0.0484278729542
b2577 ,0,0.0956965069902
b2578 ,0,0.0603350628741
b2579 ,1,0.984956265665
b2580 ,0,0.0598332460683
b2581 ,0,0.131602070684
b2582 ,1,0.625108676798
b2583 ,0,0.031818933542
b2584 ,0,0.00733244982125
b2585 ,1,0.0330250721992
b2586 ,0,0.591507087946
b2587 ,0,0.00521222034494
b2592 ,0,0.0228210563665
b2593 ,0,0.130558976409
b2594 ,1,0.0919859403372
b2595 ,0,0.0596523636154
b2597 ,0,0.864668799298
b2599 ,0,0.0171877160547
b2600 ,0,0.20744893906
b2601 ,0,0.0121322897559
b2602 ,0,0.595342973493
b2603 ,0,0.34731540415
b2604 ,0,0.0318048775117
b2605 ,0,0.350505413917
b2606 ,1,0.985909024452
b2607 ,1,0.0890435353652
b2608 ,1,0.421348995195
b2609 ,1,0.985933358139
b2610 ,1,0.0829817969748
b2611 ,0,0.0606022052289
b2614 ,1,0.887752208304
b2615 ,1,0.0322229896959
b2616 ,0,0.0171693411019
b2618 ,1,0.906555690664
b2619 ,1,0.806182356043
b2620 ,0,0.769092832671
b2622 ,0,0.00623718040771
b2627 ,0,0.026411728339
b2628 ,0,0.0265337128837
b2629 ,0,0.910203605367
b2630 ,0,0.0323944424025
b2632 ,0,0.0156195482401
b2633 ,0,0.0290536021652
b2634 ,0,0.0394543140594
b2635 ,0,0.768127047286
b2637 ,0,0.397433389265
b2638 ,0,0.913010489681
b2639 ,0,0.41197336403
b2642 ,0,0.0174780645623
b2646 ,1,0.596037799877
b2647 ,0,0.0116106587773
b2650 ,1,0.690615604983
b2658 ,0,0.86918866386
b2659 ,0,0.0598074658159
b2661 ,0,0.0154860841256
b2662 ,0,0.02999520902
b2663 ,0,0.00342782936576
b2664 ,0,0.145486205378
b2665 ,1,0.904122283724
b2667 ,0,0.866689081703
b2668 ,1,0.534429517503
b2669 ,0,0.704312225183
b2670 ,0,0.595890546441
b2671 ,0,0.90758509052
b2673 ,1,0.859201868798
b2674 ,1,0.764170232874
b2675 ,0,0.00827237439596
b2676 ,0,0.0324490470994
b2677 ,0,0.055522643743
b2678 ,0,0.0245050148276
b2679 ,0,0.0606170924449
b2681 ,0,0.0264208881354
b2682 ,0,0.0171938704194
b2683 ,0,0.868721847534
b2684 ,0,0.206712464094
b2685 ,0,0.0286616310865
b2686 ,0,0.00373704251932
b2688 ,0,0.026052548261
b2689 ,0,0.440580470305
b2690 ,0,0.631670877642
b2697 ,1,0.0595948563977
b2698 ,0,0.836139852696
b2699 ,0,0.421431929405
b2700 ,0,0.280579839051
b2701 ,0,0.091045147029
b2702 ,0,0.071124968119
b2703 ,0,0.0337752479646
b2705 ,0,0.151126685441
b2706 ,0,0.764069940205
b2707 ,0,0.0561786958454
b2708 ,0,0.0559319199427
b2709 ,0,0.0244197177285
b2710 ,0,0.00740880676823
b2711 ,0,0.0156196214891
b2712 ,0,0.0116847756802
b2713 ,0,0.861024540663
b2714 ,0,0.0232290228984
b2715 ,0,0.00857979813979
b2716 ,0,0.0034570675759
b2717 ,1,0.832944317943
b2718 ,0,0.703327941674
b2719 ,0,0.0605449788272
b2720 ,1,0.541339026256
b2721 ,0,0.029246227971
b2722 ,0,0.0444038793141
b2723 ,0,0.00540325951962
b2725 ,0,0.836574884398
b2727 ,0,0.0325086839578
b2729 ,0,0.034046733898
b2730 ,0,0.0742796898374
b2731 ,0,0.00799027150132
b2732 ,1,0.72836091121
b2733 ,0,0.0173111918802
b2734 ,0,0.0731317580837
b2735 ,0,0.0126822469577
b2736 ,0,0.0285900159553
b2737 ,1,0.0171862118031
b2738 ,0,0.083317720145
b2739 ,0,0.156430791406
b2740 ,0,0.00783969618722
b2741 ,0,0.043898070169
b2742 ,0,0.128053061234
b2743 ,0,0.381866114007
b2744 ,0,0.048651956537
b2745 ,0,0.0215056583045
b2746 ,1,0.910272978601
b2747 ,1,0.10741867603
b2748 ,1,0.8361871673
b2749 ,0,0.833458990443
b2751 ,0,0.0492668485476
b2752 ,0,0.0902190845184
b2753 ,0,0.0324961936487
b2754 ,0,0.83666636079
b2755 ,0,0.0495338617401
b2756 ,0,0.240440324977
b2757 ,0,0.0501351420812
b2758 ,0,0.0487996284664
b2759 ,0,0.833479342007
b2760 ,0,0.027010566417
b2762 ,0,0.185978376203
b2763 ,0,0.0489940056402
b2764 ,0,0.0211274414535
b2765 ,0,0.767304329872
b2766 ,0,0.00334159347846
b2767 ,0,0.637089828976
b2769 ,0,0.049909963049
b2770 ,0,0.110662054395
b2771 ,0,0.00530084317712
b2774 ,0,0.0229965068181
b2775 ,0,0.00351231537284
b2776 ,0,0.00342048886612
b2777 ,0,0.0491140132848
b2778 ,0,0.0168497273098
b2780 ,1,0.0598297640681
b2781 ,0,0.187851294267
b2782 ,0,0.836920448542
b2783 ,0,0.833595665793
b2784 ,0,0.00525066476571
b2785 ,0,0.0266875117561
b2786 ,0,0.00808824313001
b2787 ,0,0.0248138819678
b2788 ,0,0.0224320600012
b2789 ,0,0.00999520492873
b2790 ,0,0.684292380105
b2791 ,0,0.0433958976276
b2792 ,0,0.836196055879
b2793 ,0,0.266141395236
b2794 ,0,0.0326769755652
b2795 ,0,0.0169131459855
b2796 ,0,0.101809003911
b2797 ,0,0.02026688518
b2798 ,0,0.0811762788466
b2799 ,0,0.053563299569
b2800 ,0,0.106298775545
b2801 ,0,0.0172292065703
b2802 ,0,0.00702580892818
b2803 ,0,0.00361096178919
b2805 ,0,0.0201016816855
b2806 ,0,0.0204465901686
b2807 ,0,0.687314593792
b2808 ,0,0.108950654919
b2810 ,0,0.00795486799549
b2811 ,1,0.75558955889
b2812 ,0,0.130812027647
b2813 ,0,0.119208087695
b2817 ,0,0.0234084778318
b2818 ,0,0.0336918266756
b2819 ,0,0.0261220752585
b2820 ,0,0.0116517230809
b2821 ,0,0.0212444888428
b2822 ,0,0.0109135606499
b2824 ,0,0.53247786243
b2825 ,0,0.279285369949
b2826 ,0,0.317698130802
b2827 ,1,0.104473205549
b2828 ,1,0.202596546805
b2829 ,0,0.0126210715223
b2830 ,0,0.690433613226
b2831 ,0,0.0590909378109
b2832 ,0,0.143800935119
b2834 ,0,0.0151283786932
b2835 ,0,0.0107880167346
b2836 ,0,0.0126265148449
b2837 ,0,0.0160600470379
b2838 ,0,0.0262845505883
b2840 ,0,0.107738962024
b2841 ,0,0.00560216847807
b2854 ,1,0.633276925637
b2857 ,0,0.689269031286
b2859 ,0,0.733017028703
b2860 ,0,0.0238380726298
b2866 ,0,0.00841209928816
b2867 ,0,0.0622387531213
b2868 ,0,0.571201946735
b2869 ,0,0.0122328975744
b2870 ,0,0.0170814364735
b2871 ,0,0.0340083677694
b2872 ,0,0.0350547601298
b2873 ,0,0.00792117224203
b2874 ,0,0.0287998768548
b2875 ,0,0.0274413656802
b2877 ,0,0.184494788564
b2878 ,0,0.00780117415168
b2879 ,0,0.0179525753301
b2880 ,1,0.0319966323674
b2881 ,0,0.00784983285345
b2882 ,0,0.0158750601621
b2883 ,0,0.017069647544
b2886 ,0,0.711214672844
b2887 ,0,0.0122345563633
b2888 ,0,0.00771110150769
b2889 ,0,0.398113356951
b2892 ,0,0.0262874082795
b2893 ,0,0.227319813119
b2895 ,0,0.347790837896
b2896 ,0,0.438539416194
b2897 ,1,0.83169497384
b2899 ,0,0.207417462679
b2900 ,1,0.792395011584
b2901 ,0,0.00673326259801
b2903 ,0,0.0614495875829
b2904 ,0,0.842064930447
b2905 ,0,0.0885599369804
b2906 ,0,0.012954613734
b2907 ,1,0.0236978233047
b2908 ,0,0.0230955148154
b2909 ,1,0.371749118241
b2910 ,0,0.869323787781
b2912 ,0,0.542057101373
b2913 ,0,0.050173636096
b2916 ,0,0.0325607369188
b2917 ,0,0.0173027855245
b2918 ,0,0.0329725299539
b2919 ,0,0.134207186444
b2920 ,0,0.031712648614
b2921 ,0,0.0885322915677
b2922 ,0,0.599066450241
b2923 ,1,0.0924694403296
b2925 ,1,0.163297070811
b2926 ,1,0.580878982357
b2927 ,0,0.0239038945486
b2928 ,0,0.186889767355
b2929 ,0,0.404822953045
b2930 ,0,0.0557690710639
b2933 ,0,0.0484885345308
b2934 ,0,0.811981064352
b2935 ,1,0.0340785686858
b2936 ,0,0.0157467821303
b2937 ,0,0.117859678773
b2938 ,0,0.0107233345448
b2942 ,1,0.182217529955
b2943 ,0,0.00659946221858
b2944 ,0,0.639839915342
b2945 ,0,0.199585224941
b2946 ,0,0.0336504694215
b2947 ,1,0.0707436337936
b2948 ,1,0.126959146
b2949 ,1,0.762362121344
b2950 ,0,0.0498992620555
b2951 ,0,0.144131006771
b2952 ,0,0.286045592851
b2955 ,0,0.0152407557526
b2956 ,0,0.0396563095409
b2957 ,1,0.322687735273
b2958 ,0,0.206773701569
b2959 ,1,0.834232902527
b2960 ,0,0.430743979745
b2961 ,0,0.0141171089918
b2963 ,0,0.0319223904474
b2964 ,0,0.00339486136334
b2965 ,0,0.0124403878361
b2966 ,0,0.0812593161109
b2968 ,0,0.686399790374
b2969 ,0,0.049998546252
b2970 ,0,0.206505304372
b2971 ,0,0.623895928595
b2975 ,0,0.00939360425054
b2979 ,0,0.0951380203917
b2980 ,0,0.0767923654302
b2981 ,0,0.0394604474306
b2982 ,0,0.0283296710394
b2983 ,0,0.0210532400833
b2984 ,0,0.0453228468448
b2985 ,0,0.0430703486961
b2986 ,0,0.065100370815
b2987 ,0,0.0233755485523
b2988 ,0,0.0112418469736
b2989 ,0,0.0598063103433
b2990 ,1,0.909551116287
b2991 ,0,0.552015749847
b2992 ,0,0.685496215918
b2993 ,1,0.625528130266
b2994 ,0,0.0125812576152
b2995 ,0,0.0288020040759
b2996 ,0,0.0238458742662
b2997 ,0,0.0247621908608
b2998 ,0,0.908815323296
b2999 ,0,0.839120505033
b3001 ,0,0.0153953994762
b3002 ,1,0.439167790439
b3003 ,0,0.0291409414262
b3005 ,0,0.799008126162
b3006 ,0,0.108178554389
b3008 ,0,0.00814144853339
b3009 ,0,0.0644209610813
b3010 ,0,0.0516802488267
b3011 ,0,0.0611639363898
b3012 ,0,0.158651021524
b3013 ,0,0.061085353996
b3017 ,0,0.00911216617146
b3018 ,1,0.128065861469
b3019 ,1,0.0232643999321
b3020 ,0,0.00952420819943
b3021 ,1,0.840630079508
b3022 ,0,0.909681475825
b3024 ,0,0.83525630041
b3025 ,0,0.154062990789
b3026 ,0,0.0324155093428
b3027 ,1,0.721414023257
b3028 ,0,0.528658669304
b3029 ,0,0.867776787281
b3030 ,1,0.0119981227864
b3031 ,0,0.208158970464
b3032 ,0,0.0494910152139
b3033 ,1,0.832626748085
b3034 ,0,0.42724823161
b3035 ,0,0.0628624310717
b3036 ,0,0.862329574065
b3037 ,0,0.0849211926377
b3038 ,0,0.00646405733841
b3039 ,0,0.0383820288834
b3040 ,0,0.145142894577
b3041 ,1,0.39918928711
b3042 ,0,0.711890026217
b3043 ,0,0.337815786694
b3047 ,0,0.0775492289966
b3048 ,0,0.00804941333869
b3051 ,0,0.0610458096331
b3052 ,0,0.0270305159502
b3053 ,0,0.0111231917623
b3054 ,0,0.0385029592182
b3055 ,0,0.0595874492079
b3056 ,1,0.0331661386379
b3057 ,0,0.0911699274277
b3058 ,0,0.834767002685
b3059 ,0,0.034799531193
b3060 ,0,0.0237895987709
b3062 ,0,0.184436843771
b3063 ,0,0.00656730981598
b3066 ,1,0.0168503086584
b3067 ,1,0.190526534132
b3068 ,0,0.834380071272
b3070 ,0,0.205181737031
b3071 ,0,0.535401927829
b3072 ,0,0.0239340313118
b3073 ,0,0.0301822643204
b3074 ,0,0.909703620997
b3075 ,0,0.0568603412356
b3076 ,0,0.00339836629002
b3077 ,0,0.773425462345
b3078 ,0,0.0063593017308
b3079 ,0,0.0135636382162
b3080 ,0,0.0140672002508
b3081 ,0,0.017183940589
b3084 ,0,0.0498040817498
b3085 ,0,0.541852150036
b3086 ,1,0.0375591993243
b3087 ,0,0.0333750365036
b3088 ,0,0.0263663755892
b3089 ,0,0.0169969531616
b3090 ,0,0.502569537448
b3091 ,0,0.0234944284259
b3093 ,0,0.00862222599487
b3094 ,0,0.180674994221
b3095 ,1,0.154317961896
b3096 ,1,0.585527308133
b3097 ,0,0.86590313134
b3098 ,0,0.750070349225
b3099 ,0,0.537021343907
b3100 ,1,0.755914753234
b3101 ,0,0.306855298579
b3102 ,0,0.0251525175178
b3103 ,0,0.605787732005
b3104 ,0,0.607922298477
b3105 ,0,0.0441461896317
b3110 ,0,0.00539892361781
b3113 ,0,0.821530663967
b3114 ,0,0.0132234529592
b3115 ,0,0.0129753346555
b3117 ,0,0.131088605076
b3118 ,0,0.0224718841895
b3119 ,1,0.77529040388
b3120 ,0,0.0869061962332
b3121 ,0,0.0344052809523
b3125 ,0,0.0826177671552
b3126 ,0,0.258448864428
b3127 ,0,0.00551100834273
b3128 ,0,0.007893683037
b3129 ,0,0.868095192255
b3130 ,0,0.553211092949
b3131 ,0,0.0849051927216
b3132 ,0,0.0149592479561
b3133 ,1,0.595718870759
b3134 ,1,0.865029143352
b3135 ,0,0.632996119835
b3136 ,0,0.0170278412951
b3137 ,0,0.0304512095734
b3139 ,0,0.0159618333194
b3140 ,0,0.0286604029825
b3141 ,0,0.0339400600309
b3142 ,0,0.298150468846
b3143 ,0,0.028266631819
b3144 ,0,0.00344416035939
b3145 ,0,0.0175962479965
b3146 ,0,0.187362732024
b3147 ,0,0.00762811435217
b3149 ,0,0.16782422929
b3150 ,0,0.268083641115
b3151 ,0,0.0211990130178
b3152 ,1,0.0892247594228
b3154 ,1,0.832682717305
b3155 ,1,0.863806504756
b3156 ,1,0.832207604178
b3157 ,0,0.436754928129
b3158 ,0,0.0318938017476
b3159 ,0,0.0811900760307
b3160 ,0,0.0318257020896
b3162 ,0,0.272260833383
b3163 ,0,0.0912593620067
b3164 ,1,0.259009217011
b3165 ,1,0.985316718817
b3166 ,0,0.16627698697
b3168 ,1,0.260771888308
b3170 ,1,0.908189828666
b3172 ,0,0.0328023316378
b3173 ,0,0.0125470937443
b3176 ,0,0.0482121406951
b3177 ,0,0.343209249052
b3178 ,0,0.115257355121
b3179 ,0,0.428423935876
b3180 ,0,0.864333123577
b3181 ,0,0.960403728035
b3182 ,0,0.0170785712248
b3183 ,1,0.112162979077
b3184 ,0,0.0486129648274
b3187 ,1,0.127464283688
b3188 ,0,0.760831069946
b3189 ,0,0.049603430815
b3190 ,0,0.905779997133
b3191 ,0,0.839953773297
b3192 ,0,0.397695295665
b3193 ,0,0.795027393921
b3194 ,0,0.0908514299259
b3195 ,0,0.190945808258
b3196 ,0,0.0608473899996
b3197 ,0,0.0306978245714
b3201 ,1,0.132549609244
b3202 ,1,0.03171242528
b3203 ,0,0.870991317289
b3204 ,1,0.719071863957
b3205 ,0,0.0319324178735
b3206 ,0,0.868155573544
b3207 ,0,0.0815372379883
b3208 ,0,0.0984729903665
b3210 ,0,0.0228796298257
b3211 ,0,0.0482746696946
b3212 ,0,0.0074186251685
b3213 ,0,0.0370276423082
b3216 ,0,0.00351447546696
b3217 ,0,0.742938340775
b3219 ,1,0.153678610921
b3220 ,0,0.0174606761788
b3221 ,0,0.909129814226
b3222 ,0,0.093594281402
b3223 ,0,0.255493148869
b3224 ,0,0.00529053293407
b3225 ,0,0.0459016393042
b3226 ,1,0.206494478985
b3227 ,0,0.0145969869669
b3228 ,0,0.910465874762
b3230 ,1,0.985576446056
b3231 ,1,0.964706292339
b3232 ,0,0.0494556985485
b3233 ,0,0.729831458434
b3234 ,1,0.0290430508554
b3235 ,0,0.0548421720148
b3236 ,0,0.323824609128
b3237 ,1,0.863677514924
b3239 ,1,0.909658221566
b3240 ,0,0.0111320953797
b3241 ,0,0.0443394682695
b3242 ,0,0.835885757086
b3243 ,0,0.0150912510899
b3244 ,0,0.0490879063659
b3247 ,0,0.0521234173017
b3248 ,0,0.177994919143
b3249 ,0,0.428930920812
b3250 ,1,0.163687255313
b3251 ,1,0.193720885552
b3252 ,0,0.0110608324314
b3258 ,0,0.0154067630167
b3259 ,0,0.0335447736921
b3260 ,0,0.0154158398509
b3261 ,1,0.865314352241
b3262 ,0,0.0594833825122
b3264 ,0,0.222027703765
b3265 ,0,0.0291220437804
b3266 ,0,0.0157526628876
b3268 ,0,0.0322297928282
b3270 ,0,0.0072959708933
b3271 ,0,0.0941498002836
b3279 ,0,0.0827527420388
b3280 ,0,0.832584003607
b3281 ,0,0.0885155168903
b3282 ,0,0.394297862337
b3284 ,0,0.64092960466
b3287 ,1,0.858857852762
b3288 ,1,0.0595546714598
b3289 ,0,0.014923430314
b3290 ,0,0.0602575913864
b3291 ,1,0.861612790161
b3292 ,0,0.704311057608
b3298 ,1,0.912089637348
b3300 ,1,0.0476787699419
b3301 ,1,0.98559350821
b3303 ,1,0.960086700591
b3304 ,1,0.959261785333
b3305 ,1,0.902185077667
b3306 ,1,0.985319638506
b3307 ,1,0.83230663358
b3308 ,0,0.959944061513
b3309 ,1,0.959746239033
b3310 ,1,0.908799794912
b3311 ,1,0.985172754952
b3313 ,0,0.928626670557
b3314 ,0,0.927558513249
b3315 ,0,0.961419143677
b3316 ,1,0.90552452455
b3317 ,1,0.81628516078
b3318 ,1,0.986155094041
b3319 ,1,0.659141562879
b3320 ,1,0.812368401822
b3321 ,1,0.958811765909
b3322 ,0,0.835617102005
b3323 ,0,0.0110636152676
b3326 ,0,0.00795521119403
b3327 ,0,0.0152187236836
b3328 ,0,0.766812913948
b3329 ,0,0.35007810738
b3331 ,0,0.113861011267
b3332 ,0,0.0608854439183
b3333 ,0,0.00733216366815
b3338 ,0,0.0112030185271
b3339 ,1,0.598603701591
b3340 ,1,0.139996666953
b3341 ,0,0.686812326616
b3342 ,1,0.973325728306
b3343 ,1,0.838634763445
b3344 ,1,0.906859711364
b3345 ,1,0.909550138882
b3346 ,0,0.0502323188633
b3347 ,0,0.18212050563
b3349 ,1,0.926231240142
b3350 ,0,0.0230889112096
b3351 ,0,0.108936917727
b3352 ,0,0.00325648054999
b3353 ,0,0.032551476928
b3355 ,0,0.0601755535983
b3358 ,0,0.00755698936298
b3360 ,0,0.474851185785
b3361 ,0,0.380377872537
b3363 ,0,0.411903904608
b3364 ,0,0.00751400061883
b3365 ,0,0.0411977585172
b3366 ,0,0.887915104019
b3370 ,0,0.00349997808178
b3371 ,0,0.0328786675632
b3374 ,1,0.0803328653411
b3375 ,0,0.0331221854935
b3376 ,0,0.0944485278943
b3378 ,0,0.908530367745
b3379 ,0,0.0973372281912
b3380 ,0,0.0237140919241
b3381 ,0,0.0268386988098
b3382 ,0,0.730374284766
b3383 ,0,0.0953143452312
b3384 ,1,0.109729752876
b3385 ,0,0.379225511443
b3386 ,1,0.402634051285
b3387 ,0,0.1182314038
b3388 ,0,0.0472121976577
b3389 ,0,0.0501674226419
b3390 ,1,0.0893957647293
b3391 ,0,0.0474460422993
b3393 ,0,0.438509648236
b3394 ,0,0.403877210159
b3395 ,0,0.0403339649737
b3396 ,0,0.0032116158961
b3397 ,0,0.426794189889
b3398 ,0,0.0076032275541
b3399 ,0,0.0743936537765
b3400 ,0,0.76798008188
b3402 ,0,0.0113975945354
b3403 ,0,0.0180629089313
b3404 ,0,0.023384726945
b3405 ,0,0.194963569971
b3406 ,0,0.762650484624
b3407 ,0,0.0178590944602
b3409 ,0,0.00744493082703
b3411 ,0,0.0212347734464
b3412 ,0,0.204177466842
b3413 ,0,0.0325219387561
b3414 ,0,0.54316794945
b3415 ,0,0.0375347573553
b3416 ,0,0.0110657160824
b3417 ,0,0.00563052967292
b3418 ,0,0.00723239396595
b3421 ,0,0.0497358627229
b3422 ,0,0.00335747961951
b3423 ,0,0.0841427360876
b3424 ,0,0.0962248072028
b3426 ,0,0.0138150888185
b3428 ,0,0.0048429637159
b3429 ,0,0.0216913915106
b3430 ,0,0.0258648429926
b3431 ,0,0.0115886745613
b3432 ,0,0.0207885107849
b3433 ,1,0.0481064617634
b3434 ,0,0.14457327332
b3439 ,0,0.252534856983
b3440 ,0,0.0847851514284
b3441 ,0,0.638921234968
b3442 ,0,0.0330587684487
b3443 ,0,0.860695485885
b3444 ,1,0.592951397563
b3445 ,0,0.404136796594
b3446 ,0,0.865466615049
b3447 ,0,0.0486753122771
b3448 ,0,0.871918142946
b3449 ,0,0.23925032324
b3451 ,0,0.0892110131681
b3452 ,0,0.0220254760158
b3453 ,0,0.0482334371794
b3454 ,0,0.0959290903138
b3455 ,0,0.176642175764
b3456 ,0,0.088846657367
b3458 ,0,0.0437952880653
b3459 ,0,0.764854825558
b3460 ,0,0.102851194821
b3461 ,1,0.39221949469
b3462 ,0,0.0484288795029
b3463 ,1,0.189108376296
b3464 ,1,0.0429904224311
b3465 ,1,0.140082724716
b3466 ,1,0.766626212332
b3467 ,1,0.906695940842
b3468 ,0,0.0355753444268
b3469 ,0,0.00832634068471
b3472 ,0,0.152436586407
b3473 ,0,0.0051898486272
b3474 ,0,0.0294342278145
b3476 ,0,0.00652077505692
b3477 ,0,0.0292101642438
b3478 ,0,0.0118919734467
b3479 ,0,0.0299841975077
b3480 ,0,0.0754480476025
b3481 ,0,0.860015217066
b3482 ,0,0.00335404220968
b3484 ,0,0.00884506099857
b3486 ,0,0.0108850929153
b3487 ,0,0.0896882229174
b3488 ,0,0.0122726968454
b3489 ,0,0.908881591426
b3491 ,0,0.00748374163914
b3493 ,0,0.015625751631
b3494 ,0,0.731840020667
b3495 ,0,0.763609501032
b3496 ,0,0.00785749843542
b3497 ,0,0.372772473221
b3498 ,0,0.0126287377966
b3499 ,0,0.1443238765
b3500 ,1,0.0366766756231
b3502 ,0,0.0130159948224
b3503 ,0,0.866423269835
b3504 ,0,0.0860035786795
b3505 ,0,0.0441108922042
b3506 ,1,0.335370396051
b3507 ,0,0.777086400256
b3512 ,0,0.739537998438
b3513 ,0,0.0302870500833
b3514 ,0,0.015139004781
b3515 ,0,0.0256483072138
b3523 ,0,0.0151805274227
b3524 ,0,0.0212335217982
b3525 ,0,0.0487586576492
b3526 ,0,0.017206645757
b3527 ,0,0.0215887513477
b3528 ,0,0.0248420085112
b3529 ,0,0.0123003823217
b3530 ,0,0.0212107252013
b3531 ,0,0.0222882023651
b3532 ,0,0.0216363166544
b3533 ,0,0.0118451895772
b3534 ,0,0.12218317972
b3536 ,0,0.00765703993125
b3538 ,0,0.013878918652
b3539 ,0,0.00812336292325
b3540 ,0,0.0464470920322
b3541 ,0,0.113057106099
b3542 ,0,0.107765986964
b3543 ,0,0.0185312927472
b3544 ,0,0.0126313535666
b3546 ,0,0.00497701740295
b3547 ,0,0.0261638851328
b3548 ,0,0.021002844052
b3549 ,0,0.369079039808
b3550 ,0,0.773666433386
b3551 ,0,0.00544648093637
b3552 ,0,0.470762951345
b3553 ,0,0.0321260591348
b3555 ,0,0.86794129014
b3557 ,0,0.763029388217
b3558 ,0,0.0733169913292
b3559 ,1,0.409068332054
b3560 ,1,0.230314697784
b3561 ,0,0.014346147012
b3562 ,0,0.68274396516
b3563 ,0,0.909763593565
b3565 ,0,0.0512562835744
b3566 ,0,0.0607468630852
b3567 ,0,0.00781540154479
b3568 ,0,0.0061357482654
b3570 ,0,0.127383361652
b3571 ,0,0.00720106770794
b3572 ,0,0.0328947747499
b3573 ,0,0.55889396983
b3574 ,0,0.0482867727322
b3575 ,0,0.0288723990864
b3576 ,0,0.87425006628
b3577 ,0,0.340710222721
b3579 ,0,0.0317994386104
b3580 ,0,0.00336435831208
b3582 ,0,0.00648892197448
b3583 ,0,0.0779821399067
b3584 ,0,0.0626848274679
b3585 ,0,0.0324852121831
b3586 ,0,0.0232353399375
b3587 ,0,0.70200609684
b3589 ,0,0.0451784256846
b3590 ,0,0.0392880801191
b3591 ,0,0.0274357623779
b3592 ,0,0.376926618365
b3593 ,0,0.00328809369304
b3594 ,1,0.147735440305
b3595 ,0,0.0161742434526
b3596 ,1,0.731407137412
b3599 ,0,0.0433650286699
b3600 ,0,0.0601890456845
b3601 ,0,0.43964633454
b3603 ,0,0.00342925425376
b3604 ,0,0.0730295260893
b3605 ,0,0.0313676459221
b3606 ,0,0.775564293067
b3607 ,1,0.21549314879
b3608 ,0,0.0507787897506
b3609 ,1,0.925777851267
b3610 ,0,0.909618622623
b3611 ,0,0.836092892815
b3612 ,0,0.323187176055
b3613 ,0,0.0327311019172
b3614 ,0,0.153402981704
b3615 ,0,0.0221059558949
b3616 ,0,0.0246904145856
b3617 ,0,0.0244676834386
b3618 ,0,0.0494351472783
b3619 ,0,0.138114713724
b3620 ,0,0.0819760805563
b3621 ,1,0.058976162225
b3622 ,0,0.0167781515264
b3623 ,0,0.0268640782813
b3624 ,0,0.125089476798
b3629 ,0,0.0895452451789
b3630 ,0,0.0921089467692
b3631 ,0,0.049639771309
b3632 ,0,0.0491712992343
b3633 ,1,0.0601567933906
b3634 ,1,0.864647834885
b3635 ,0,0.122796315998
b3638 ,0,0.340812611465
b3639 ,1,0.0319842082787
b3640 ,1,0.862122736479
b3641 ,0,0.113461598212
b3642 ,0,0.550924411416
b3643 ,0,0.196133081402
b3645 ,0,0.130221446976
b3646 ,0,0.229455890755
b3647 ,0,0.0110756089187
b3648 ,1,0.482638217807
b3649 ,0,0.938032901287
b3651 ,0,0.298005934954
b3652 ,0,0.017318864391
b3653 ,0,0.0494976306849
b3654 ,0,0.00812031969739
b3655 ,0,0.0128642538224
b3656 ,0,0.00503347773867
b3657 ,0,0.00531975267007
b3659 ,0,0.0153795858936
b3663 ,0,0.840673061709
b3664 ,0,0.0128209964558
b3665 ,0,0.0168040877907
b3666 ,0,0.00565437723546
b3667 ,0,0.00528889062116
b3668 ,0,0.0109722690875
b3669 ,0,0.112063781968
b3671 ,0,0.0123549138099
b3673 ,0,0.00736006946003
b3675 ,0,0.83840274527
b3676 ,0,0.647235384527
b3677 ,0,0.867471979215
b3678 ,0,0.0108984985116
b3679 ,0,0.011375834581
b3680 ,0,0.0340310665659
b3683 ,0,0.0125058167932
b3684 ,1,0.132951134949
b3685 ,0,0.0231044596823
b3686 ,0,0.700781526389
b3687 ,0,0.823386579752
b3688 ,0,0.588583773037
b3689 ,0,0.0210040468028
b3690 ,0,0.00711064825121
b3691 ,0,0.0054643683176
b3693 ,0,0.0521033093625
b3696 ,0,0.266389849539
b3697 ,0,0.165285465618
b3698 ,0,0.434496379034
b3700 ,0,0.0505809967159
b3702 ,1,0.0479728400877
b3706 ,1,0.0308949765326
b3708 ,0,0.0777197167119
b3709 ,0,0.00334716494862
b3710 ,0,0.00830984044481
b3711 ,0,0.0076379597149
b3712 ,0,0.0327596636834
b3713 ,0,0.686933984359
b3714 ,0,0.0241975408809
b3715 ,0,0.200702439926
b3716 ,0,0.341693868431
b3717 ,0,0.371476863821
b3718 ,0,0.315292524255
b3719 ,1,0.0892498955131
b3720 ,0,0.0100070823559
b3722 ,0,0.00543721583206
b3723 ,0,0.206264109015
b3725 ,0,0.0564871991017
b3726 ,0,0.0399504327479
b3727 ,0,0.089027716113
b3728 ,0,0.263217232646
b3729 ,1,0.0612068385041
b3730 ,1,0.0486995971296
b3731 ,1,0.959869805437
b3732 ,0,0.260968033154
b3733 ,0,0.0907696462754
b3734 ,0,0.280378597
b3736 ,1,0.906245518614
b3738 ,0,0.0922008779172
b3739 ,0,0.642553552142
b3740 ,0,0.207721216977
b3741 ,0,0.0269205282358
b3742 ,0,0.768374732712
b3743 ,0,0.863974037323
b3744 ,0,0.0494624830636
b3745 ,0,0.0171508697586
b3746 ,0,0.00733866549097
b3747 ,0,0.0111696826312
b3748 ,0,0.794222988334
b3749 ,0,0.0243594471932
b3750 ,0,0.0440650757602
b3751 ,0,0.0827086140903
b3752 ,0,0.0933951954544
b3753 ,0,0.0466923324469
b3754 ,0,0.0149186943536
b3755 ,0,0.0304695538794
b3764 ,0,0.907786019877
b3765 ,0,0.0173422895583
b3769 ,0,0.909300074312
b3770 ,0,0.419652825123
b3771 ,0,0.0307629215531
b3772 ,0,0.0267929043921
b3773 ,0,0.0325122620841
b3774 ,0,0.27020655334
b3775 ,0,0.86941445524
b3777 ,0,0.865257272937
b3778 ,1,0.0122642927357
b3779 ,0,0.00807485170662
b3780 ,0,0.0151902259514
b3781 ,0,0.925802457062
b3784 ,0,0.0491874675784
b3785 ,0,0.0918596970061
b3786 ,0,0.0502846215693
b3787 ,0,0.0483205020851
b3788 ,0,0.0229191323548
b3789 ,0,0.0436450841599
b3790 ,0,0.684019887022
b3791 ,0,0.0235191395989
b3792 ,0,0.0210153819146
b3793 ,1,0.0103271436488
b3794 ,0,0.186918991561
b3795 ,0,0.00510591572798
b3800 ,0,0.0241046312608
b3801 ,0,0.015297456255
b3802 ,0,0.0577495402711
b3803 ,0,0.0313645936945
b3804 ,1,0.0795135892769
b3805 ,1,0.0832531314414
b3806 ,0,0.0108982159884
b3807 ,0,0.890938193599
b3808 ,0,0.694279125759
b3809 ,1,0.642026502436
b3810 ,0,0.205436994433
b3811 ,1,0.105891946534
b3812 ,0,0.0900744133282
b3813 ,0,0.00529541133642
b3816 ,1,0.206915750287
b3817 ,0,0.766743791347
b3818 ,0,0.732951873419
b3819 ,0,0.0261734635569
b3821 ,0,0.0380103202029
b3822 ,0,0.0260525333163
b3823 ,0,0.20910899685
b3824 ,0,0.060026733891
b3825 ,0,0.0894929782042
b3826 ,0,0.0626576948093
b3827 ,0,0.0395058400701
b3828 ,0,0.0321874904389
b3829 ,0,0.0107934167522
b3831 ,0,0.411033089078
b3832 ,0,0.0497188878059
b3833 ,1,0.159759563428
b3834 ,0,0.381083209948
b3835 ,1,0.021219012551
b3836 ,0,0.909835098849
b3838 ,0,0.625858988613
b3839 ,0,0.0507477105667
b3842 ,0,0.865481599517
b3843 ,0,0.0227256169999
b3844 ,0,0.397098494131
b3845 ,0,0.00795765974644
b3846 ,0,0.0196598704623
b3847 ,0,0.0984270852473
b3848 ,0,0.186471298608
b3849 ,0,0.00528423049276
b3850 ,1,0.680247956956
b3856 ,0,0.539696978671
b3857 ,0,0.282160531087
b3858 ,0,0.911602826118
b3859 ,0,0.188130266964
b3860 ,1,0.920788052629
b3863 ,0,0.0483460245485
b3865 ,1,0.141103907047
b3866 ,0,0.816825602893
b3867 ,0,0.0239026859494
b3870 ,0,0.11386742495
b3871 ,0,0.0829639516609
b3872 ,0,0.21839510034
b3873 ,0,0.164070379276
b3875 ,0,0.154893257708
b3876 ,0,0.00795605289275
b3877 ,0,0.00823351442434
b3878 ,0,0.00352227811111
b3879 ,0,0.0327915607486
b3880 ,0,0.0144973211903
b3881 ,0,0.0807469987644
b3882 ,0,0.0294433889538
b3883 ,0,0.049266547515
b3884 ,0,0.0851055728892
b3885 ,0,0.428666424006
b3886 ,0,0.0394398369572
b3887 ,0,0.909800465618
b3888 ,0,0.0906251425544
b3889 ,0,0.908799202669
b3891 ,0,0.0438733221455
b3892 ,0,0.173801689843
b3893 ,0,0.0436404916303
b3895 ,0,0.0506983480106
b3896 ,0,0.088702974727
b3899 ,0,0.0151205611334
b3900 ,0,0.635383651725
b3901 ,0,0.769122904661
b3902 ,1,0.0599999299739
b3905 ,0,0.0428886168565
b3906 ,0,0.0124127313029
b3907 ,0,0.00724969860704
b3908 ,0,0.71680508256
b3909 ,0,0.0921603322549
b3910 ,0,0.428108345027
b3912 ,0,0.0288712144053
b3915 ,0,0.0483982361514
b3917 ,0,0.0441917262173
b3918 ,0,0.119130491533
b3920 ,0,0.112696770268
b3921 ,0,0.67891127321
b3922 ,0,0.841784761232
b3923 ,0,0.821683283122
b3924 ,0,0.0597021475117
b3925 ,0,0.056466148444
b3926 ,0,0.0171737000553
b3927 ,0,0.0331161691684
b3928 ,1,0.910297856287
b3929 ,0,0.867182405628
b3930 ,0,0.0336356237876
b3931 ,0,0.078519745275
b3932 ,0,0.713255580435
b3933 ,0,0.153807977384
b3934 ,0,0.0302311659447
b3935 ,1,0.00667988953343
b3937 ,0,0.326969048807
b3938 ,0,0.766879882502
b3939 ,0,0.0129127722887
b3940 ,0,0.00534521988056
b3941 ,0,0.0908447569236
b3942 ,0,0.049368881237
b3943 ,0,0.0212499022449
b3944 ,0,0.323255055537
b3945 ,0,0.0153892376305
b3946 ,0,0.0643754133156
b3947 ,0,0.00366486631
b3949 ,0,0.023647848432
b3950 ,0,0.9613748312
b3951 ,0,0.0125869481104
b3952 ,0,0.0243232672973
b3953 ,0,0.843063018152
b3954 ,0,0.0297697573064
b3955 ,0,0.00649058259221
b3956 ,0,0.00748680568422
b3958 ,1,0.0486540039643
b3959 ,0,0.0898662203032
b3960 ,0,0.0258861633871
b3961 ,0,0.046241746446
b3962 ,0,0.00838002680642
b3963 ,0,0.423508253694
b3964 ,0,0.911286036174
b3965 ,0,0.0330091889094
b3966 ,0,0.00993203516279
b3967 ,1,0.0483711056346
b3972 ,0,0.0504343554216
b3973 ,1,0.208388394676
b3974 ,1,0.0601569553837
b3980 ,1,0.393788172007
b3981 ,0,0.837871508778
b3982 ,0,0.941016863585
b3985 ,1,0.985599679767
b3986 ,1,0.985755627194
b3987 ,1,0.160377171402
b3988 ,1,0.0719500027914
b3989 ,0,0.828671113898
b3992 ,0,0.0157061231128
b3993 ,0,0.279946670253
b3994 ,0,0.00702666971591
b3995 ,1,0.536630829366
b3996 ,0,0.241095921168
b3997 ,1,0.0474564283728
b3998 ,0,0.203880288771
b4000 ,0,0.921213766362
b4001 ,0,0.119915643669
b4002 ,1,0.324140586283
b4003 ,0,0.0226172428438
b4004 ,0,0.0227633446303
b4005 ,0,0.162211743255
b4006 ,0,0.0423815775929
b4011 ,0,0.811102509499
b4012 ,0,0.771747889155
b4013 ,0,0.0919985369432
b4014 ,0,0.0217961662861
b4015 ,0,0.0641150132139
b4016 ,0,0.0213268703249
b4017 ,0,0.0171815838165
b4018 ,0,0.0290091137919
b4019 ,0,0.0117430434851
b4020 ,0,0.0274689186202
b4021 ,0,0.127207744867
b4022 ,0,0.082716310107
b4023 ,0,0.863517380342
b4024 ,0,0.0170587425497
b4025 ,0,0.0522381969226
b4029 ,0,0.0098547006159
b4030 ,1,0.776139498803
b4031 ,0,0.00339496822106
b4033 ,0,0.0137615830948
b4034 ,0,0.137315492603
b4035 ,0,0.0442312897316
b4036 ,0,0.0519669314639
b4037 ,0,0.0918584274857
b4039 ,0,0.049349588053
b4044 ,0,0.0219682079683
b4046 ,0,0.134338809522
b4047 ,1,0.910813041709
b4048 ,1,0.210693216272
b4049 ,0,0.050731167458
b4050 ,1,0.835079088211
b4051 ,0,0.032392755645
b4052 ,1,0.0481147606999
b4053 ,0,0.0234935889603
b4054 ,1,0.0229903841873
b4055 ,0,0.219991701287
b4056 ,0,0.833462996327
b4057 ,0,0.837559139242
b4058 ,0,0.0176594942881
b4064 ,0,0.0231189793192
b4065 ,0,0.021081886853
b4066 ,0,0.0346323796881
b4067 ,0,0.0151728147951
b4069 ,0,0.0037252242457
b4070 ,0,0.0215220436131
b4071 ,0,0.280395229037
b4072 ,0,0.12014428195
b4073 ,0,0.0408183596701
b4074 ,0,0.00487352461736
b4075 ,0,0.838671506747
b4076 ,0,0.209158510591
b4077 ,0,0.0225279345816
b4078 ,0,0.144138523239
b4080 ,0,0.0157187538868
b4081 ,0,0.00745561554097
b4082 ,0,0.01540422155
b4083 ,0,0.0131403608644
b4084 ,0,0.0327103346024
b4087 ,0,0.00791311391629
b4088 ,0,0.0286044355054
b4089 ,0,0.0400942603126
b4090 ,0,0.834833610476
b4092 ,0,0.033085755771
b4095 ,0,0.0320438126847
b4096 ,0,0.0724013035651
b4099 ,0,0.113932748952
b4100 ,0,0.0599131721538
b4101 ,0,0.763585566258
b4105 ,0,0.0314895534159
b4106 ,0,0.0290192437491
b4108 ,0,0.958756164008
b4109 ,0,0.0271283956865
b4110 ,0,0.0208426190168
b4111 ,0,0.0127054904058
b4113 ,0,0.0638746514171
b4114 ,0,0.00796912091275
b4117 ,0,0.00327208911543
b4118 ,0,0.0324129826305
b4119 ,0,0.0233376181792
b4120 ,0,0.0127813571682
b4121 ,0,0.0761895867308
b4122 ,0,0.0200116825564
b4123 ,0,0.00845896243118
b4124 ,0,0.0389145093837
b4125 ,0,0.0146687108076
b4127 ,0,0.906165835904
b4128 ,0,0.819696123317
b4129 ,0,0.0291022524304
b4130 ,0,0.0034814897676
b4131 ,0,0.0206444524989
b4132 ,0,0.00363917950745
b4136 ,0,0.00735059906341
b4137 ,0,0.762637078762
b4138 ,0,0.0203072855715
b4139 ,0,0.0389107199029
b4140 ,0,0.907974850624
b4141 ,0,0.0136280593519
b4142 ,1,0.960271736709
b4143 ,1,0.577100561332
b4145 ,0,0.0636635447781
b4147 ,1,0.819555233936
b4148 ,0,0.69197612271
b4150 ,0,0.0255731059375
b4152 ,0,0.766552365743
b4153 ,0,0.095726236403
b4154 ,0,0.0367252995599
b4155 ,1,0.0486627975654
b4156 ,0,0.00505970047194
b4158 ,1,0.725789142847
b4159 ,0,0.00332971691387
b4162 ,0,0.219414232831
b4166 ,0,0.0133370766789
b4167 ,0,0.0113187299165
b4168 ,1,0.910248022704
b4169 ,0,0.0235376819037
b4170 ,0,0.0267534178371
b4171 ,1,0.0886630984688
b4172 ,1,0.815261705716
b4173 ,0,0.0898298348229
b4174 ,0,0.0489029016529
b4175 ,0,0.327385287445
b4177 ,0,0.271591844986
b4178 ,0,0.812276524432
b4179 ,0,0.0132902425111
b4180 ,0,0.218047739508
b4181 ,0,0.814150575329
b4182 ,0,0.347953913163
b4187 ,0,0.0113205122365
b4188 ,0,0.765302041063
b4189 ,0,0.592196336564
b4190 ,0,0.0901551459427
b4192 ,0,0.0333561969592
b4193 ,0,0.0111149307899
b4195 ,0,0.960421047427
b4196 ,0,0.505380073372
b4197 ,0,0.0603406096555
b4198 ,0,0.233506732111
b4200 ,1,0.985713886363
b4201 ,1,0.839249546329
b4203 ,0,0.986084764308
b4204 ,0,0.015012193583
b4207 ,0,0.0452042209894
b4208 ,0,0.00546457682503
b4209 ,0,0.280741958547
b4210 ,0,0.0139127565741
b4211 ,0,0.0321151618521
b4212 ,0,0.434517186621
b4213 ,0,0.0315827115361
b4214 ,0,0.216715848913
b4215 ,1,0.0644232577955
b4216 ,0,0.0597340880715
b4217 ,0,0.908799590099
b4218 ,0,0.00820340321162
b4219 ,0,0.182029057867
b4220 ,0,0.0210733962639
b4221 ,0,0.0117500662522
b4222 ,0,0.837736739832
b4224 ,1,0.838585491838
b4225 ,0,0.909553334421
b4226 ,1,0.957161184015
b4227 ,0,0.0447813481416
b4230 ,0,0.0440399730233
b4231 ,0,0.024147204201
b4232 ,0,0.0647449044413
b4233 ,0,0.0106146708049
b4234 ,0,0.539223227989
b4235 ,0,0.0268425690537
b4237 ,0,0.633155160624
b4238 ,0,0.0412542200563
b4239 ,0,0.00761396480138
b4240 ,0,0.00808719803741
b4241 ,0,0.0339448360384
b4242 ,0,0.0051754278412
b4243 ,1,0.953991695245
b4244 ,0,0.595748814444
b4245 ,0,0.058715156781
b4247 ,0,0.840318590403
b4248 ,0,0.763331699371
b4249 ,0,0.506503022299
b4251 ,1,0.907129509581
b4252 ,0,0.835647703194
b4253 ,0,0.0258273296761
b4257 ,0,0.0266013207535
b4258 ,1,0.0226516318064
b4259 ,1,0.761543077772
b4260 ,0,0.00848469639366
b4261 ,1,0.0895370804583
b4262 ,1,0.0492238216102
b4263 ,0,0.0322905015566
b4264 ,0,0.0297468521268
b4265 ,0,0.0288584972214
b4266 ,0,0.166584169699
b4268 ,0,0.153310805938
b4269 ,0,0.0152525659826
b4271 ,0,0.00989797678979
b4272 ,0,0.693422725201
b4273 ,0,0.0235029430129
b4274 ,0,0.659774518261
b4277 ,0,0.841164537839
b4278 ,0,0.00730151380412
b4279 ,0,0.0126078531418
b4280 ,0,0.0515504201176
b4281 ,0,0.764357951452
b4283 ,0,0.913184820389
b4284 ,0,0.0148607736382
b4285 ,0,0.283441293847
b4286 ,1,0.662316765568
b4287 ,0,0.0152428689114
b4288 ,0,0.00657124826045
b4289 ,0,0.0150550301512
b4291 ,0,0.00682891031934
b4292 ,0,0.0251662399461
b4296 ,0,0.00827244876956
b4297 ,0,0.0085369022183
b4298 ,0,0.029126195123
b4299 ,0,0.0155440089205
b4302 ,1,0.760639384706
b4303 ,0,0.0891804923614
b4304 ,0,0.0155836050325
b4305 ,0,0.00798219918273
b4306 ,0,0.0851220474281
b4307 ,0,0.577655248723
b4308 ,0,0.048077719907
b4309 ,0,0.0342173990186
b4310 ,0,0.0132668216297
b4311 ,0,0.0696461203636
b4317 ,0,0.00521119741047
b4320 ,0,0.0340178851435
b4321 ,0,0.0157188210063
b4322 ,0,0.40951820477
b4323 ,0,0.0567484588587
b4328 ,0,0.0330386519128
b4329 ,0,0.560320185231
b4330 ,0,0.0603966342906
b4332 ,0,0.0074775987129
b4333 ,0,0.0171799412847
b4335 ,0,0.0328715726999
b4336 ,0,0.013564360455
b4337 ,0,0.00636322306961
b4338 ,0,0.911153008721
b4339 ,0,0.375289480795
b4340 ,0,0.00847988878852
b4342 ,0,0.0113254364411
b4345 ,0,0.017501618918
b4346 ,0,0.0175947845699
b4347 ,0,0.772067690437
b4348 ,0,0.0172185940402
b4349 ,0,0.0167170248421
b4350 ,0,0.00733897064299
b4351 ,0,0.0905211364681
b4352 ,0,0.0322269859827
b4354 ,0,0.00857434017499
b4356 ,0,0.00351695955256
b4357 ,0,0.0322703698396
b4358 ,0,0.0235578920853
b4360 ,0,0.208476638252
b4361 ,1,0.0709426346356
b4362 ,1,0.767256480196
b4364 ,0,0.032974830925
b4365 ,0,0.026761091337
b4366 ,0,0.123217504551
b4371 ,0,0.0166724076317
b4373 ,1,0.82958303116
b4374 ,0,0.0891458441345
b4375 ,0,0.118649100156
b4377 ,0,0.0513673706547
b4378 ,1,0.543476564465
b4379 ,0,0.082049626857
b4380 ,0,0.0171449039545
b4381 ,0,0.430934957768
b4382 ,0,0.110388714975
b4383 ,0,0.151890398692
b4384 ,0,0.829648839344
b4385 ,0,0.0117027006499
b4386 ,1,0.0309076918504
b4387 ,0,0.129794158323
b4388 ,0,0.0491842676216
b4389 ,0,0.0262774833459
b4390 ,0,0.0256757446075
b4391 ,0,0.0378192554604
b4392 ,0,0.0216517689777
b4393 ,0,0.835233596238
b4394 ,0,0.588584138588
b4395 ,0,0.12080703891
b4396 ,0,0.0291635854239
b4397 ,0,0.813579490185
b4398 ,0,0.0451532950984
b4399 ,0,0.0477084769971
b4400 ,0,0.020927540522
b4403 ,0,0.0899845312815
